Triton Wind Speed Data;;;;;;;;;;;;;;;;;;;;;;;;;;;;;;;;;;;;;;;;;;;;;;;;;;;;;;;;;;;;
Logger Serial Number: 358;;;;;;;;;;;;;;;;;;;;;;;;;;;;;;;;;;;;;;;;;;;;;;;;;;;;;;;;;;;;
Date and Time;40m Wind Direction;40m Wind Speed;40m Wind Vert;Quality (Station Height 40m);50m Wind Direction;50m Wind Speed;50m Wind Vert;Quality (Station Height 50m);60m Wind Direction;60m Wind Speed;60m Wind Vert;Quality (Station Height 60m);80m Wind Direction;80m Wind Speed;80m Wind Vert;Quality (Station Height 80m);100m Wind Direction;100m Wind Speed;100m Wind Vert;Quality (Station Height 100m);120m Wind Direction;120m Wind Speed;120m Wind Vert;Quality (Station Height 120m);140m Wind Direction;140m Wind Speed;140m Wind Vert;Quality (Station Height 140m);160m Wind Direction;160m Wind Speed;160m Wind Vert;Quality (Station Height 160m);180m Wind Direction;180m Wind Speed;180m Wind Vert;Quality (Station Height 180m);200m Wind Direction;200m Wind Speed;200m Wind Vert;Quality (Station Height 200m);40m Wind Turbulence;50m Wind Turbulence;60m Wind Turbulence;80m Wind Turbulence;100m Wind Turbulence;120m Wind Turbulence;140m Wind Turbulence;160m Wind Turbulence;180m Wind Turbulence;200m Wind Turbulence;Turbu. Quality (Station Height 40m);Turbu. Quality (Station Height 50m);Turbu. Quality (Station Height 60m);Turbu. Quality (Station Height 80m);Turbu. Quality (Station Height 100m);Turbu. Quality (Station Height 120m);Turbu. Quality (Station Height 140m);Turbu. Quality (Station Height 160m);Turbu. Quality (Station Height 180m);Turbu. Quality (Station Height 200m)
<Intentionally blank>;°;m/s;m/s;%;°;m/s;m/s;%;°;m/s;m/s;%;°;m/s;m/s;%;°;m/s;m/s;%;°;m/s;m/s;%;°;m/s;m/s;%;°;m/s;m/s;%;°;m/s;m/s;%;°;m/s;m/s;%;<no units specified>;<no units specified>;<no units specified>;<no units specified>;<no units specified>;<no units specified>;<no units specified>;<no units specified>;<no units specified>;<no units specified>;%;%;%;%;%;%;%;%;%;%
31.08.2016 00:00;339,5;0,5;-0,14;92;50;0,52;-0,02;95;15,4;0,7;-0,02;89;13,2;0,91;0;95;124,9;0,45;0,03;94;117,8;1,86;-0,06;96;116,5;2,27;-0,07;98;119,5;2,7;-0,07;98;127,5;3,3;-0,05;98;130,4;3,85;-0,06;97;1,19;1,23;0,94;0,52;1,31;0,21;0,13;0,09;0,07;0,07;12;13;16;24;10;48;61;73;88;97
31.08.2016 00:10;0,9;0,63;-0,17;94;112;0,98;-0,16;94;31,4;1,42;-0,01;94;331,2;1,42;-0,02;94;124,5;1,8;-0,07;95;113,2;2,46;-0,1;98;121,9;2,64;-0,08;98;131,6;3,41;-0,02;98;125,4;4,28;-0,05;98;130,1;5,28;-0,04;99;1,08;0,61;0,38;0,33;0,27;0,16;0,12;0,1;0,12;0,1;16;25;37;37;47;67;71;91;98;99
31.08.2016 00:20;56;1,42;0,01;77;112,6;0,99;-0,09;95;85,5;0,71;-0,11;95;65,1;1,12;0,03;95;124,7;1,08;-0,11;95;119,6;2,29;-0,11;97;124,1;3,09;-0,07;99;126,4;3,96;-0,02;99;125,2;5,02;-0,07;99;125,9;5,58;-0,08;99;0,4;0,6;0,7;0,54;0,43;0,18;0,08;0,06;0,04;0,05;30;26;18;28;27;61;84;99;99;99
31.08.2016 00:30;21,1;2,3;0,05;93;83,5;0,23;-0,06;93;67,2;1,14;-0,04;96;42,8;1,79;-0,06;95;96,8;1,74;-0,07;95;118,2;2,15;0;96;119,5;3,28;-0,03;98;121,2;4,32;-0,07;99;123,1;4,69;-0,07;99;125,1;5,31;-0,07;99;0,22;2,74;0,49;0,28;0,29;0,16;0,08;0,06;0,05;0,04;59;6;29;46;46;57;88;99;99;99
31.08.2016 00:40;81,2;0,41;0,03;95;131,8;1,65;-0,09;74;106,2;1,1;-0,07;95;95,8;1,16;0;96;104,3;1,33;0;95;98,3;2,41;-0,06;95;115,3;3,19;-0,04;98;120,4;4,07;-0,06;99;121;4,44;-0,05;100;124,3;5,1;-0,09;100;1,44;0,34;0,55;0,4;0,28;0,15;0,07;0,05;0,05;0,05;10;33;28;30;34;63;85;99;100;100
31.08.2016 00:50;40,1;0,5;0,04;95;130,8;1,21;0,04;94;131,2;1,71;-0,03;93;93,5;1,48;-0,1;94;83,5;1,56;-0,01;95;88,9;1,89;-0,06;94;119,5;2,81;-0,09;98;122,3;3,63;-0,07;98;123,2;4,34;-0,09;98;122;4,75;-0,08;99;1,09;0,45;0,24;0,3;0,34;0,19;0,13;0,05;0,1;0,07;13;31;44;38;40;49;75;98;98;99
31.08.2016 01:00;332,1;1,74;0,11;94;223;0,6;-0,05;95;185,2;1,36;-0,02;95;109,5;1,05;-0,1;95;79,1;1,04;-0,04;95;125,6;1,26;0,01;96;119,1;2,28;-0,07;97;129,7;3,26;-0,07;98;128,9;3,81;-0,07;98;129,2;4,29;-0,04;99;0,31;1,01;0,38;0,5;0,43;0,36;0,13;0,07;0,06;0,05;45;15;35;28;28;33;60;87;98;99
31.08.2016 01:10;315,2;1,72;0,09;96;281,5;0,89;0,01;95;219,2;0,64;-0,07;94;146,8;1,15;-0,07;95;61,9;1,17;0;93;123,4;1,35;-0,02;95;130,1;2,28;-0,04;96;125,2;3,34;-0,03;98;126,8;3,86;-0,05;98;129,9;4,58;-0,04;98;0,33;0,54;0,91;0,45;0,37;0,35;0,15;0,07;0,06;0,05;45;23;15;29;30;35;60;89;98;98
31.08.2016 01:20;313;1,05;0,11;96;265,9;1,05;-0,04;87;219,7;0,54;-0,08;95;38,8;0,44;-0,13;94;18,9;1,02;-0,02;95;123,5;1,8;-0,06;95;128,8;2,42;-0,03;97;127,8;3,19;-0,05;99;127,5;4,17;-0,05;99;129,7;5,03;-0,11;97;0,53;0,41;0,89;1,52;0,54;0,25;0,09;0,06;0,07;0,11;27;25;13;11;26;47;64;86;99;97
31.08.2016 01:30;318,2;1,42;0,01;94;273,1;1,45;0,03;95;276,7;1,06;0,03;88;334,8;0,36;-0,01;93;335,8;0,85;-0,06;94;133,4;0,89;-0,06;95;134,3;2,38;-0,03;95;130,7;3,48;-0,09;98;134,8;4,48;-0,08;98;138,1;4,23;-0,08;92;0,39;0,33;0,53;1,29;0,67;0,5;0,11;0,08;0,05;0,07;38;38;25;9;22;23;62;93;98;92
31.08.2016 01:40;345,5;1,61;-0,07;96;308,8;1,5;-0,04;97;324,7;1,33;0;93;294,3;1,96;0,03;89;357,2;0,61;0,1;96;119,6;0,76;-0,03;95;131,1;2,52;-0,09;97;139,8;3,5;-0,08;98;135,4;3,96;-0,11;96;136,8;4,62;-0,13;98;0,31;0,31;0,29;0,29;0,88;0,64;0,13;0,08;0,07;0,05;41;40;33;48;16;20;67;94;96;98
31.08.2016 01:50;5,5;0,79;-0,12;96;302,9;1,33;0,02;93;323,3;1,27;-0,1;94;312,9;0,83;0,02;93;323,8;0,94;0,01;95;93;0,68;-0,08;94;141,3;1,64;-0,04;96;131,9;3,17;-0,11;99;137,6;4;-0,12;99;138,8;4,39;-0,1;98;0,78;0,35;0,47;0,43;0,52;0,8;0,23;0,08;0,06;0,05;20;33;32;21;25;17;43;86;99;98
31.08.2016 02:00;356,5;2,36;-0,04;71;357;1,42;-0,02;94;347,7;1,17;-0,01;94;340,1;1,43;-0,09;93;329,2;0,86;-0,02;94;88,4;0,66;-0,05;95;128;2,26;-0,05;94;133,9;2,94;-0,08;97;133,5;3,67;-0,1;98;136;4,36;-0,11;98;0,23;0,38;0,41;0,42;0,59;0,76;0,17;0,09;0,06;0,09;46;36;30;36;22;17;58;78;98;98
31.08.2016 02:10;2,3;0,97;-0,16;86;9,6;1,16;-0,03;94;318,4;1,11;-0,05;83;323,2;0,68;0;92;160;0,34;-0,02;95;122,3;1,23;-0,1;95;140,7;2,16;-0,03;96;138,3;2,96;-0,05;95;134,1;4,05;-0,04;97;135,1;4,61;-0,05;98;0,73;0,52;0,43;0,48;2,99;0,53;0,15;0,21;0,07;0,1;22;30;26;17;7;30;57;71;97;98
31.08.2016 02:20;36,2;1,2;-0,07;94;31,9;0,87;-0,13;96;340,8;1,1;0,05;59;333,4;1,68;-0,07;88;28,8;0,34;-0,08;95;114,2;1,27;-0,08;95;155,7;1,91;0,01;95;147;2,79;0,01;96;137,8;3,81;-0,02;97;135,7;4,72;-0,05;99;0,57;0,7;0,45;0,23;1,48;0,37;0,2;0,1;0,07;0,06;30;22;18;40;9;33;49;73;97;99
31.08.2016 02:30;2,7;2,36;0,09;86;13,4;0,75;-0,03;86;76,2;1,75;0,01;93;316,3;1;0,05;93;119,1;0,46;-0,03;95;127,8;0,88;0,02;96;160,6;1,7;-0,01;97;143,8;2,7;-0,04;95;135,3;3,83;-0,03;98;133,8;4,61;-0,07;98;0,2;0,93;0,33;0,34;1,05;0,58;0,21;0,11;0,07;0,06;56;17;46;26;12;23;45;70;98;98
31.08.2016 02:40;2,1;1,71;0,16;95;73,5;0,28;-0,06;89;49;0,59;-0,14;94;331;0,99;-0,09;90;303,2;1,07;0,05;95;135,4;0,73;-0,05;95;150,5;1,9;-0,05;97;143,1;2,71;-0,07;95;132,1;3,71;-0,06;97;131,9;4,6;-0,07;99;0,32;1,98;1,03;0,52;0,5;0,72;0,21;0,11;0,1;0,05;45;6;15;23;27;18;50;70;97;99
31.08.2016 02:50;343,3;0,97;0,03;95;250,6;0,4;0,05;81;125,2;0,5;-0,13;94;316,9;1,13;-0,06;95;331,5;0,97;0,02;94;99,7;0,57;0,05;93;151,3;1,56;-0,02;95;151,4;2,42;0;97;138,5;3,43;-0,01;97;132,3;4,36;-0,03;98;0,49;1,23;1,2;0,33;0,4;0,7;0,23;0,12;0,07;0,05;26;9;13;28;25;14;41;64;91;98
31.08.2016 03:00;272,7;0,73;0,02;94;253,3;1,17;-0,07;94;271,5;1,58;-0,11;93;293,6;1,34;-0,02;93;297,2;0,99;-0,04;94;145,3;0,61;-0,08;95;140,3;1,89;-0,12;94;153,2;2,74;-0,06;96;135,2;3,93;-0,12;98;134,7;5,02;-0,09;99;0,74;0,41;0,4;0,26;0,5;0,76;0,2;0,12;0,06;0,06;18;30;40;34;23;15;48;71;98;99
31.08.2016 03:10;302,2;1,19;-0,01;94;286,8;0,61;-0,02;94;277,7;1,79;-0,02;78;344,3;1,34;-0,02;94;222,1;0,51;0,01;92;162,7;1,06;0,1;96;164,8;2,12;0,03;96;151,8;3,3;0,01;96;137;4,23;-0,05;98;135,1;5,52;-0,07;99;0,49;0,9;0,3;0,38;1,01;0,48;0,16;0,09;0,06;0,04;30;15;38;34;14;27;56;86;98;99
31.08.2016 03:20;329,9;1,16;-0,06;94;246,8;0,62;-0,05;95;317,5;1,08;-0,14;94;307,8;1,05;0,01;94;299;1,75;0,02;93;219;1,25;-0,1;94;157,5;1,84;-0,02;96;158,4;2,94;0;97;145;4,08;-0,06;98;137,8;5,18;-0,06;98;0,5;0,83;0,44;0,41;0,42;0,56;0,21;0,11;0,08;0,05;30;16;27;24;41;33;48;78;98;98
31.08.2016 03:30;23,5;0,55;0,03;94;301,6;0,25;-0,07;77;354,8;0,89;-0,04;95;307,1;2;-0,02;92;320,6;1,33;-0,02;97;303,2;1,22;0;95;192,9;1,33;-0,02;96;154,4;2,75;-0,03;96;143,1;3,96;-0,07;96;135,5;4,95;-0,08;98;0,8;1,85;0,65;0,36;0,44;0,38;0,3;0,11;0,07;0,06;14;5;24;44;36;31;35;72;96;98
31.08.2016 03:40;26,7;1,2;0,05;95;9,7;0,87;-0,07;69;343;1,22;0;94;298,2;1,33;0,05;94;293;1,88;0,08;96;300,5;1,15;0,09;96;185,3;1,87;0,02;96;164,3;2,71;0,03;96;141,2;3,71;-0,06;95;138;4;-0,04;96;0,47;0,55;0,44;0,36;0,21;0,38;0,25;0,1;0,13;0,07;32;17;32;44;49;31;49;71;95;96
31.08.2016 03:50;357,3;1,68;0,1;94;293,7;0,93;0,04;94;324,7;1,19;0,03;79;295,5;1,59;0,04;93;290,8;2,02;0,06;96;301,4;1,82;0,04;96;228,9;0,73;0,01;95;168,5;2,16;0,09;97;155,3;2,9;0;96;148,6;3,69;-0,07;96;0,29;0,44;0,35;0,19;0,2;0,24;0,62;0,15;0,11;0,07;43;24;25;40;53;48;19;57;76;96
31.08.2016 04:00;335,8;2,06;0,02;94;262,2;0,41;-0,1;95;320,8;1,01;-0,04;94;283,3;1,86;0,03;95;306,8;1,91;-0,03;95;293,8;2,1;0,06;96;270,4;1,75;0;97;216,5;1,68;-0,07;94;177,9;2,56;0,06;97;162,2;2,96;-0,01;95;0,21;1,26;0,45;0,22;0,14;0,18;0,22;0,21;0,11;0,09;53;10;26;48;50;55;47;43;66;77
31.08.2016 04:10;12,8;0,79;0,04;94;221,6;0,71;-0,14;86;177,5;0,17;-0,05;95;269,3;1,37;-0,03;96;298,6;1,6;0;96;308,2;1,36;0,02;95;257,6;1,81;-0,07;96;206,5;2,11;-0,03;96;177,7;3,01;0;96;162,2;3,43;-0,06;96;0,63;0,72;2,46;0,29;0,21;0,28;0,2;0,15;0,09;0,08;20;16;4;36;41;31;48;56;79;89
31.08.2016 04:20;115,6;0,28;-0,03;93;235,2;0,31;-0,02;94;155,8;0,27;-0,08;94;249,4;1,14;-0,13;94;289,3;1,49;-0,02;94;268,7;1,48;0,01;95;230,6;1,96;-0,06;96;191,6;2,66;0,03;95;175,5;3,32;0;98;158,2;4,18;-0,03;96;1,79;1,62;1,63;0,41;0,25;0,25;0,16;0,14;0,06;0,06;7;8;8;28;39;39;52;68;89;96
31.08.2016 04:30;123,7;0,67;0,05;85;136,7;0,82;-0,06;96;252,6;0,33;0;93;261,5;0,53;-0,12;95;293,1;1,14;-0,02;94;244,9;1,08;-0,04;93;205,9;1,34;-0,08;95;180,7;2,79;0,02;96;163,4;3,19;-0,02;95;152,3;3,94;-0,04;96;0,62;0,66;1,71;1,06;0,33;0,37;0,28;0,1;0,11;0,06;15;21;7;12;29;27;35;73;85;96
31.08.2016 04:40;14,6;0,82;-0,1;95;69,6;0,81;-0,01;95;125;0,91;-0,06;92;284,2;0,93;-0,02;92;299,5;1,55;-0,06;91;254,5;1,43;-0,17;94;183,9;1,86;-0,05;96;181,7;2,51;0,03;96;169,2;3,63;-0,1;95;150,9;3,42;-0,05;95;0,87;1,15;0,63;1,25;0,97;1;0,48;0,15;0,23;0,15;26;22;25;21;32;40;49;66;95;87
31.08.2016 04:50;158,8;1,43;-0,11;95;124;1,25;-0,15;96;137,2;1,32;-0,09;94;206,8;1,03;-0,09;93;244;1,64;-0,01;92;234,9;1,18;0,02;93;193,7;1,98;-0,05;94;177,4;2,34;0,01;96;151,5;3,1;-0,09;96;145,9;3,6;-0,1;94;0,39;0,37;0,47;0,46;0,38;0,47;0,32;0,17;0,12;0,31;37;33;34;26;46;33;50;60;81;87
31.08.2016 05:00;142,4;1,42;-0,12;95;156,5;1,58;-0,05;93;127;1,14;-0,07;95;154,8;0,82;-0,1;95;237,6;0,75;-0,05;93;270,3;1,6;-0,07;94;207,4;1,68;0,04;95;180,5;2,54;0,06;98;170,3;3,42;0,02;97;151,4;3,97;-0,04;95;0,44;0,29;0,49;0,68;0,6;0,41;0,23;0,11;0,07;0,08;48;41;29;21;29;47;45;68;91;95
31.08.2016 05:10;174,2;1,19;-0,02;96;170,8;1,1;-0,13;95;205,9;1,01;-0,13;93;204,6;0,92;0;93;232;0,99;-0,12;93;280,9;0,77;-0,03;93;211,3;1,29;0,07;94;179,2;2,41;0,04;97;180,2;2,91;0;97;158,2;3,87;-0,04;97;0,44;0,47;0,58;0,68;0,57;1,04;0,39;0,11;0,2;0,13;32;28;26;23;38;25;33;64;78;97
31.08.2016 05:20;166,7;1,45;0,02;95;181,8;1,56;-0,01;96;170,4;0,73;-0,09;94;164,6;0,53;0,03;95;252,5;0,87;-0,07;93;320,8;0,89;-0,03;96;195,7;1,72;-0,05;95;175,8;2,43;0,01;96;175,1;3,39;0,03;97;159,8;3,75;-0,08;96;0,33;0,28;0,81;0,97;1,1;0,78;0,35;0,2;0,09;0,1;37;40;18;14;21;23;44;70;90;96
31.08.2016 05:30;146,3;1,27;0;91;167,5;1,93;0;94;171,2;1,43;-0,06;89;158,5;0,53;-0,06;94;268,9;0,71;-0,03;86;236,4;1,1;0,01;95;186,7;1,77;0,02;96;172,8;3,12;0;96;159,7;3,62;-0,04;96;156,2;4,31;-0,05;97;0,35;0,22;0,37;1,03;0,8;0,42;0,22;0,09;0,08;0,07;31;50;34;12;18;28;46;82;95;97
31.08.2016 05:40;135,1;0,84;0,02;94;144,2;1,34;-0,05;94;151,9;1,17;-0,07;95;69,1;1,01;-0,16;85;274,1;0,79;0,05;95;242,4;0,44;0,02;93;164,2;1,77;0;96;150,8;2,42;-0,02;95;153,1;3,64;-0,02;96;151,3;4,57;-0,03;96;0,54;0,41;0,46;0,53;0,84;1,03;0,29;0,19;0,08;0,06;22;36;30;23;25;11;46;63;96;96
31.08.2016 05:50;168,7;0,64;-0,13;95;205,3;0,87;-0,13;94;137,9;0,75;-0,1;96;53;0,56;0;95;311,8;1,19;0,02;96;210,1;1,55;-0,05;94;157,1;2,2;-0,06;96;159,7;2,98;-0,06;95;154,1;3,65;-0,12;95;147,2;4,74;-0,15;98;0,86;0,69;0,75;1,26;0,46;0,43;0,21;0,1;0,09;0,06;16;22;19;15;31;36;58;77;95;98
31.08.2016 06:00;158,7;0,48;0;96;115,8;1,48;0;96;121,2;1,54;0;95;29,8;0,48;0,04;94;290;1,47;0,04;96;197,1;1,13;-0,03;96;166,6;2,37;0,05;96;170;3,3;0,08;97;161,1;4,18;0,05;95;150,7;5,03;0;96;1,19;0,34;0,29;1,07;0,33;0,47;0,11;0,08;0,06;0,08;12;39;40;13;38;30;62;87;95;96
31.08.2016 06:10;145;0,82;0,07;95;188,1;0,77;0,04;95;124,6;1,47;-0,03;86;91,3;0,59;0,01;94;264,6;0,94;0,03;96;209;1,29;-0,09;96;170,3;3;0,02;96;171,1;3,76;0,02;97;157,9;4,61;-0,04;96;155,5;5,38;0,03;90;0,63;0,62;0,41;1,13;0,57;0,37;0,11;0,07;0,06;0,09;21;19;34;16;25;33;78;97;96;90
31.08.2016 06:20;156,9;1,18;-0,03;95;135,3;1,49;-0,09;96;140,6;1,42;-0,05;96;247,6;0,75;-0,07;95;198;1,33;-0,05;95;175,8;2,44;0;96;173,2;3,26;0,03;96;168,9;4,4;0;97;163,5;5,33;-0,04;95;154,3;5,01;-0,05;92;0,41;0,37;0,32;0,82;0,35;0,13;0,09;0,07;0,05;0,13;29;37;36;18;33;63;84;97;95;92
31.08.2016 06:30;130,8;1,48;-0,17;96;129,1;1,59;-0,09;95;111,5;1,7;-0,13;95;166,3;0,62;-0,02;94;166,5;2,02;-0,02;96;167,8;2,89;0,03;98;172,9;3,89;0,03;97;167,6;5,23;-0,03;97;160,3;5,88;-0,05;94;153,9;5,65;-0,03;93;0,38;0,35;0,29;0,86;0,21;0,12;0,06;0,06;0,08;0,11;38;41;44;15;52;76;97;97;94;93
31.08.2016 06:40;51,1;0,79;-0,06;96;100,5;0,71;-0,17;96;112,4;1,36;-0,18;96;141;1,04;-0,24;96;161;2,61;-0,09;95;173,6;3,14;0,08;98;173,9;4,15;0,06;98;162,9;5,18;-0,03;96;157,4;5,99;0,01;93;152,4;5,82;0,06;95;0,71;0,61;0,28;0,56;0,18;0,11;0,07;0,06;0,06;0,11;21;18;36;26;67;83;98;96;93;95
31.08.2016 06:50;181,7;0,12;-0,18;96;90,2;0,86;-0,23;95;126,7;1,37;-0,11;96;145,2;1,66;-0,04;95;171,8;2,32;0,06;96;170,8;3,36;0;97;169,5;4,76;-0,07;98;162,5;5,68;-0,08;97;157,3;5,89;-0,04;94;155,1;6,91;-0,03;95;5,96;0,61;0,4;0,23;0,16;0,09;0,1;0,07;0,08;0,06;3;21;36;43;60;87;98;97;94;95
31.08.2016 07:00;124,4;0,56;0;96;121,3;0,49;0,05;97;101,3;0,73;-0,01;95;154,4;2,1;-0,08;97;173,8;2,64;0,02;97;174,2;3,94;-0,01;97;172,3;5,54;0,02;98;156,3;5,43;0;97;154,2;5,73;-0,02;98;154,2;7,32;-0,01;93;1,09;1,1;0,81;0,2;0,15;0,08;0,07;0,1;0,11;0,09;13;13;18;55;69;97;98;97;98;93
31.08.2016 07:10;349,3;1,17;0,05;97;73;0,56;0,07;96;165,2;0,43;0,01;97;160,6;1,74;-0,01;98;166,7;2,83;0,06;98;171,5;3,69;0,12;99;172,9;5,12;0,06;98;162,6;6,12;-0,02;97;169,9;4,18;-0,16;87;134,9;5,76;-0,36;71;0,44;0,9;1,12;0,21;0,12;0,07;0,06;0,08;0,21;0,22;30;14;11;45;74;99;98;97;87;71
31.08.2016 07:20;68,9;0,51;-0,05;97;92,6;0,36;-0,23;97;148,3;1,11;-0,23;96;163,4;1,8;-0,21;96;165,4;2,81;-0,14;96;172,5;4,12;-0,14;97;168,7;5,01;-0,17;98;160,7;5,88;-0,34;98;147,7;6,04;-0,43;74;148,9;5,52;-0,23;90;0,89;1,29;0,37;0,26;0,12;0,1;0,08;0,11;0,12;0,2;14;9;28;46;73;97;98;98;74;90
31.08.2016 07:30;98,7;0,91;-0,15;97;158,3;1,07;-0,08;97;163,5;0,8;-0,05;98;151,2;1,92;-0,14;98;158,4;2,81;-0,24;98;163,3;3,38;-0,22;98;164,9;4,2;-0,24;99;163,1;4,99;-0,3;99;152,7;5,74;-0,33;98;161,8;6,18;-0,3;90;0,57;0,5;0,64;0,27;0,19;0,14;0,11;0,1;0,1;0,2;23;28;21;51;74;89;99;99;98;90
31.08.2016 07:40;153,7;1,4;0,1;98;137,2;1,46;0,1;98;144,2;2,11;0,19;98;145,7;2,21;0,32;99;160,4;2,98;0,35;99;162,6;4,01;0,28;99;164;4,78;0,18;98;163,6;5,36;0,09;98;164,5;5,12;0;98;163,5;5,68;-0,04;99;0,43;0,4;0,24;0,23;0,15;0,13;0,11;0,1;0,09;0,09;36;38;56;59;79;99;98;98;98;99
31.08.2016 07:50;151,3;3,64;0,3;99;154,7;3,47;0,32;99;153,6;3,44;0,29;98;158,5;3,69;0,32;99;161,7;3,6;0,43;99;155,4;3,92;0,51;99;151,1;3,83;0,47;99;151,2;4,11;0,43;99;153,9;3,78;0,31;98;158,2;4,16;0,05;98;0,19;0,21;0,23;0,2;0,22;0,2;0,2;0,19;0,19;0,27;97;93;90;99;96;99;99;99;98;98
31.08.2016 08:00;156,2;4,04;-0,08;98;158,1;4,26;-0,05;99;156,4;4,54;-0,07;99;156,9;4,27;-0,06;99;157,5;4,21;0,04;99;157,2;4,33;-0,02;99;156,8;4,35;0;98;160,1;4,59;-0,01;98;159,3;4,6;0,01;98;158,2;4,94;-0,05;98;0,18;0,17;0,15;0,18;0,19;0,19;0,17;0,17;0,15;0,13;98;99;99;99;99;99;98;98;98;98
31.08.2016 08:10;152,7;4,63;0,03;99;153,1;4,7;-0,05;99;147,8;4,69;-0,05;99;151,4;4,12;0;99;151,5;4,8;0,02;98;158,1;4,42;-0,03;99;158,3;4,47;0;99;161,8;4,33;0,03;98;162,2;4,34;0;98;164;4,35;-0,02;96;0,14;0,14;0,16;0,18;0,15;0,15;0,15;0,14;0,13;0,15;99;99;99;99;98;99;99;98;98;96
31.08.2016 08:20;154,6;4,36;0,14;99;159,3;4,45;0,2;99;149,5;4,28;0,17;99;155,7;4,13;0,21;99;154,3;4,26;0,15;99;152,9;4,02;0,12;99;154,8;4,34;0,16;99;162,6;4,06;0,11;98;158,7;3,97;0,07;98;167,8;4,32;0,09;98;0,15;0,16;0,17;0,18;0,16;0,19;0,17;0,17;0,22;0,14;99;99;99;99;99;99;99;98;98;98
31.08.2016 08:30;154,5;4,12;-0,02;99;157,3;4,7;-0,04;99;151,9;4,85;-0,08;99;152,5;4,65;-0,03;99;155,2;4,52;0,1;99;157,4;4,77;0,05;99;156,5;4,65;-0,03;99;157,3;5;-0,09;98;168,9;4,26;-0,22;97;167,1;4,77;-0,23;97;0,17;0,15;0,17;0,17;0,19;0,17;0,19;0,18;0,27;0,2;99;99;99;99;99;99;99;98;97;97
31.08.2016 08:40;152,3;4,08;-0,01;99;154,1;4,7;0,04;99;151,5;4,32;0,03;98;162,6;4,39;0,04;99;162;4,51;0,12;99;153,6;4,49;0,16;98;162,3;4,42;0,13;98;170,8;4,14;0,14;97;167;4,86;0,14;96;168,7;4,07;0,07;95;0,16;0,14;0,16;0,19;0,18;0,19;0,21;0,31;0,19;0,27;99;99;98;99;99;98;98;95;96;95
31.08.2016 08:50;147,8;4,69;-0,2;99;147,4;4,35;-0,22;99;148,8;4,54;-0,22;99;144,7;4,4;-0,2;99;155,9;4,68;-0,13;99;155,8;4,86;-0,09;99;159,7;4,62;-0,03;98;166,9;4,97;0,03;98;168,9;4,64;0,07;99;173,9;4,89;0,09;97;0,16;0,19;0,17;0,19;0,15;0,13;0,13;0,16;0,13;0,12;99;99;99;99;99;99;98;98;99;97
31.08.2016 09:00;153,3;4,28;0,05;99;158,6;4,21;0,12;99;163,7;4,3;0,14;99;166,5;4,69;0,1;99;168,9;3,9;-0,01;99;172,5;4,13;-0,03;98;173,2;4,03;-0,04;99;179,8;4,07;-0,05;98;181,8;4,24;-0,02;99;186,8;4,29;0,06;98;0,17;0,17;0,18;0,17;0,21;0,19;0,18;0,2;0,18;0,15;99;99;99;99;99;98;99;98;99;98
31.08.2016 09:10;153,1;4,12;-0,28;99;151,2;3,86;-0,28;99;155,6;4,09;-0,35;99;159,6;4,02;-0,34;99;159,9;4,56;-0,35;98;165,4;4,25;-0,3;99;160,8;4,18;-0,3;98;164,5;4,21;-0,27;98;173,6;4,05;-0,25;98;177,8;3,72;-0,3;98;0,16;0,18;0,18;0,19;0,16;0,18;0,18;0,18;0,17;0,18;99;99;99;99;98;99;98;98;98;97
31.08.2016 09:20;149,5;4,29;-0,48;98;153,2;4,29;-0,57;98;156,7;4,55;-0,54;97;159,7;5,04;-0,45;97;160,2;4,56;-0,47;96;157,6;4,31;-0,43;96;154,1;4,03;-0,43;96;162;4,41;-0,47;96;172,6;4,14;-0,33;96;178,9;4,1;-0,4;94;0,17;0,19;0,16;0,17;0,17;0,25;0,27;0,37;0,21;0,44;98;98;97;97;96;96;96;96;96;92
31.08.2016 09:30;165,2;3,93;-0,07;99;164,4;3,64;-0,13;99;172,5;4,26;-0,16;99;171,8;4,17;-0,14;99;175,6;4,08;-0,15;99;170,4;4,42;-0,13;99;164,7;4,19;-0,13;99;159,1;3,72;-0,17;98;166,6;4,18;-0,12;97;166,6;4,17;-0,09;96;0,2;0,24;0,2;0,21;0,22;0,21;0,22;0,24;0,25;0,25;99;95;99;99;99;99;99;98;97;96
31.08.2016 09:40;160,1;3,81;-0,15;99;151,2;3,79;-0,19;99;155,3;3,51;-0,15;99;154,9;3,58;-0,24;99;160,2;3,55;-0,37;99;169,6;3,65;-0,43;99;175,8;3,71;-0,47;99;173,9;3,89;-0,44;99;170,4;3,75;-0,4;98;169,7;3,65;-0,38;97;0,21;0,22;0,26;0,26;0,3;0,26;0,24;0,2;0,25;0,22;99;99;92;94;94;94;99;99;98;97
31.08.2016 09:50;147,5;3,98;-0,17;99;149,5;3,67;-0,25;99;154,4;3,52;-0,22;99;157,7;3,55;-0,34;99;157,8;3,43;-0,51;99;151,6;3,47;-0,51;99;154,5;3,26;-0,6;99;158,8;3,35;-0,59;98;166,1;3,56;-0,59;97;170,1;4,26;-0,55;96;0,22;0,24;0,25;0,26;0,28;0,3;0,32;0,25;0,23;0,27;99;96;92;93;90;92;86;92;96;96
31.08.2016 10:00;148,1;4,19;0,02;99;149,5;4,46;0,02;99;148,8;4,49;0;99;152,4;4,3;0,04;99;153,1;4,4;0,07;99;154,6;4,03;0,04;99;150,6;4,17;0,02;99;158,9;4,24;0,12;98;155,7;4,22;0,11;96;153,2;3,74;0,1;94;0,23;0,22;0,22;0,26;0,25;0,28;0,26;0,29;0,28;0,33;99;99;99;99;99;99;99;98;96;94
31.08.2016 10:10;162,8;3,78;-0,12;99;167,8;3,82;-0,15;99;163,7;3,92;-0,22;99;163,3;3,96;-0,18;99;164,2;3,9;-0,18;98;169,3;4,19;-0,22;98;170,6;3,95;-0,15;97;172,6;4,06;-0,11;96;170,9;3,3;0,04;97;171,7;3,77;0,14;95;0,24;0,25;0,25;0,24;0,23;0,22;0,24;0,32;0,34;0,33;99;99;99;99;98;98;97;96;89;95
31.08.2016 10:20;149,9;4,2;-0,05;99;145,8;4,2;-0,01;99;155,1;4,25;0,03;99;145,2;4,16;0,04;99;155,6;4,17;0,09;99;157,5;4,47;0,04;99;162,2;4,04;0,04;99;162,6;4,35;0,03;99;166;3,79;0,04;98;173,2;3,96;0,03;96;0,22;0,22;0,24;0,24;0,26;0,24;0,26;0,27;0,27;0,31;99;99;99;99;99;99;99;99;98;96
31.08.2016 10:30;152;4,64;-0,06;98;151,6;4,78;-0,07;99;152,5;4,62;-0,12;99;153,5;5,06;-0,1;99;147,6;4,57;-0,15;99;155,1;4,57;-0,23;99;157,1;4,64;-0,27;99;159;5,12;-0,19;98;160,4;5,66;-0,19;97;164,6;6,22;-0,17;95;0,21;0,21;0,21;0,22;0,26;0,26;0,26;0,21;0,26;0,22;98;99;99;99;99;99;99;98;97;95
31.08.2016 10:40;143,7;4,98;-0,03;99;147;5,04;-0,13;99;151,1;4,84;-0,23;99;148,6;4,97;-0,34;99;148,9;5,01;-0,33;98;150,5;4,51;-0,37;98;151;4,74;-0,48;97;161,4;5,6;-0,45;94;164,7;6,25;-0,35;92;167;5,71;-0,59;90;0,17;0,18;0,21;0,19;0,18;0,22;0,23;0,29;0,22;0,48;99;99;99;99;98;98;97;94;92;90
31.08.2016 10:50;146,3;5,59;-0,09;99;146,3;5,93;-0,2;98;143,6;5,7;-0,19;98;146,7;5,96;-0,14;98;139,6;5,85;-0,17;97;138,7;5,87;-0,13;96;140,8;6,19;-0,13;96;145,6;5,61;-0,15;95;146,6;5,51;-0,17;94;155,1;4,46;-0,27;91;0,15;0,14;0,15;0,16;0,17;0,19;0,19;0,27;0,23;0,37;99;98;98;98;97;96;96;95;94;91
31.08.2016 11:00;147;6,06;-0,29;99;146;5,79;-0,34;99;144,9;5,92;-0,31;99;148,4;5,71;-0,39;99;151,7;5,4;-0,29;99;152;5,36;-0,23;99;150,5;6,17;-0,18;98;147,7;6,87;-0,18;97;158,3;7,09;-0,19;96;156,7;6,7;-0,1;93;0,14;0,15;0,15;0,16;0,21;0,2;0,21;0,18;0,24;0,31;99;99;99;99;99;99;98;97;96;93
31.08.2016 11:10;149,5;5,33;-0,19;100;152,6;5,26;-0,2;99;155,7;5,7;-0,24;99;159,8;5,82;-0,27;99;156,3;5,36;-0,37;99;162,1;5,67;-0,36;99;158,6;5,74;-0,35;98;172,8;5,32;-0,21;96;161,9;6,29;-0,38;95;170,2;7,25;-0,38;93;0,17;0,18;0,17;0,16;0,21;0,2;0,27;0,27;0,3;0,25;100;99;99;99;99;99;98;96;95;93
31.08.2016 11:20;156,4;5;-0,25;99;155,7;4,97;-0,3;99;159,3;4,83;-0,41;99;156,1;5,11;-0,47;99;160,8;4,54;-0,49;99;168,7;4,87;-0,61;99;165,1;4,62;-0,66;97;171,4;4,91;-0,7;96;180,7;4,35;-0,7;93;170;4,19;-0,87;91;0,19;0,19;0,22;0,22;0,28;0,23;0,27;0,24;0,29;0,39;99;99;99;99;99;99;97;96;93;91
31.08.2016 11:30;157,7;4,84;0,09;99;152,4;4,38;0,1;99;153,2;4,67;0,05;99;154,8;4,36;0,02;99;158,3;4,47;0,07;99;155,2;4,79;0,18;99;149,9;4,46;0,28;98;144,5;4,3;0,31;97;146,3;5,1;0,41;97;135,8;4,44;0,61;96;0,2;0,23;0,23;0,27;0,25;0,24;0,27;0,4;0,32;0,35;99;99;99;99;99;99;98;97;97;96
31.08.2016 11:40;161,3;5,37;-0,22;99;162,6;5,21;-0,27;99;161;5,28;-0,24;99;163,7;5,6;-0,31;99;165,2;5,57;-0,36;99;167;5,56;-0,36;98;169,4;5,56;-0,27;98;175,8;5,43;-0,3;96;173,2;5,98;-0,28;96;172,4;7;-0,37;93;0,18;0,19;0,18;0,17;0,18;0,18;0,19;0,25;0,23;0,27;99;99;99;99;99;98;98;96;96;93
31.08.2016 11:50;150,3;4,75;-0,08;99;152,4;4,85;-0,13;99;152,7;5,11;-0,17;99;159,2;4,11;-0,33;99;153,8;4,34;-0,35;99;155;4,41;-0,34;99;156,3;4,33;-0,35;99;159,5;4,17;-0,39;99;161,4;4,52;-0,36;98;167,9;4,27;-0,29;96;0,22;0,22;0,22;0,28;0,27;0,28;0,28;0,3;0,3;0,38;99;99;99;99;99;99;99;99;98;96
31.08.2016 12:00;159,6;5,24;0,08;99;161;5,13;0,04;99;153,3;5,52;0,03;99;149;5,44;-0,08;99;150,4;5,24;-0,17;99;146,9;5,35;-0,29;99;148,3;5,18;-0,26;99;149,5;5,44;-0,27;99;152,3;5,88;-0,23;98;159,2;4,84;-0,12;97;0,19;0,2;0,19;0,21;0,22;0,23;0,23;0,23;0,25;0,42;99;99;99;99;99;99;99;99;98;97
31.08.2016 12:10;152,8;4,65;0,02;99;146,7;5,03;-0,02;99;149,1;4,95;0,05;99;155,1;4,6;-0,01;99;162,3;5,26;0,05;99;160,2;5,29;0,11;99;163,3;5,43;0,25;99;160,3;5,07;0,31;99;159,5;5,57;0,46;99;158,2;5,77;0,5;99;0,21;0,21;0,23;0,28;0,24;0,24;0,22;0,25;0,24;0,22;99;99;99;99;99;99;99;99;99;99
31.08.2016 12:20;149,2;5,77;-0,12;99;153,5;5,72;-0,2;99;159,1;5,46;-0,3;99;154,7;5,17;-0,35;99;163,1;5,35;-0,42;99;169,2;5,41;-0,46;99;172,3;5,55;-0,53;99;174;5,67;-0,45;97;178,1;5,49;-0,34;95;186,4;6,21;-0,39;93;0,16;0,16;0,17;0,17;0,17;0,18;0,21;0,25;0,23;0,22;99;99;99;99;99;99;99;97;95;93
31.08.2016 12:30;148;4,35;-0,12;99;150,8;4,47;-0,16;99;153,9;4,48;-0,26;99;155,2;4,52;-0,2;99;156,5;4,76;-0,17;99;154,6;4,38;-0,12;99;159,2;4,16;-0,08;99;165,4;4,18;-0,06;99;169,4;4,51;0,01;99;170,3;4,56;0,08;98;0,2;0,21;0,21;0,21;0,2;0,23;0,27;0,29;0,38;0,32;99;99;99;99;99;99;99;99;99;98
31.08.2016 12:40;160,2;4,69;0,08;99;158,8;4,77;0,04;99;159,1;4,5;0,01;99;157,6;4,72;0,14;99;152,7;4,96;0,32;99;152,9;4,74;0,42;99;154,5;4,74;0,54;99;143,2;4,57;0,66;98;147,4;5,02;0,67;97;154,1;4,84;0,69;97;0,2;0,2;0,22;0,2;0,21;0,23;0,23;0,27;0,26;0,21;99;99;99;99;99;99;99;98;97;97
31.08.2016 12:50;179,2;3,4;0,14;99;178;3,35;0,08;99;183,1;3,17;0,1;99;180;3,66;0,24;99;178,3;3,79;0,17;99;181,7;3,54;0,24;99;197,6;4,08;0,24;98;195,3;4,83;0,21;98;197;5,95;0,32;97;200,8;5,52;0,37;95;0,33;0,35;0,37;0,33;0,33;0,39;0,33;0,31;0,27;0,27;89;88;83;96;99;91;98;98;97;95
31.08.2016 13:00;190,2;3,62;-0,05;99;194,6;4,07;-0,03;99;193,5;3,75;-0,09;99;186,7;3,5;-0,15;99;175,4;4,05;-0,27;99;181,6;4,63;-0,33;99;179,5;4,22;-0,3;99;174,1;4,23;-0,36;98;187,8;4,13;-0,35;98;185,3;3,94;-0,39;96;0,27;0,26;0,29;0,31;0,28;0,29;0,35;0,36;0,34;0,38;94;99;98;91;99;99;99;98;98;96
31.08.2016 13:10;173;3,22;-0,29;99;165,5;3,42;-0,31;99;167,2;3,24;-0,38;99;165,3;3,32;-0,43;99;187,2;3,17;-0,44;99;194,6;3,19;-0,42;99;196,3;3,65;-0,52;99;186,9;3,41;-0,55;97;183,8;3,01;-0,56;96;180,6;2,75;-0,51;94;0,28;0,29;0,3;0,29;0,31;0,32;0,26;0,26;0,32;0,31;84;89;84;87;83;85;95;90;96;80
31.08.2016 13:20;155,8;2,99;0;99;152,9;2,69;-0,02;100;155;2,66;0;99;159,2;2,89;-0,05;99;158,8;3,22;-0,2;99;160,7;3,21;-0,25;99;159,3;2,84;-0,4;99;159,7;3,4;-0,44;99;149,5;2,91;-0,5;99;155,2;2,65;-0,52;97;0,42;0,49;0,49;0,47;0,41;0,42;0,44;0,4;0,46;0,52;77;71;69;75;84;84;73;92;83;79
31.08.2016 13:30;212,4;3,2;-0,36;99;214,7;3,53;-0,26;99;214,5;3,53;-0,22;99;211,1;3,84;-0,11;99;213,8;4,4;-0,01;99;213,6;4,49;0,05;99;220,3;4,49;0,07;99;216,5;4,06;0,03;98;228,8;3,75;0,14;98;221,7;3,13;0,07;98;0,32;0,31;0,32;0,3;0,27;0,26;0,29;0,33;0,36;0,55;83;92;92;99;99;99;99;98;98;94
31.08.2016 13:40;224,3;2,59;-0,38;99;216,6;2,49;-0,32;99;226,5;3,06;-0,33;99;232,1;2,51;-0,32;99;237,7;3,35;-0,25;98;246,8;3,25;-0,21;98;242,3;3,45;-0,27;96;241,7;3,76;-0,16;95;241,5;3,1;-0,19;94;282,9;3,13;-0,16;92;0,28;0,32;0,27;0,43;0,38;0,39;0,73;0,61;1,09;1,68;67;65;79;65;92;79;63;92;49;49
31.08.2016 13:50;186,5;2,32;-0,38;99;179,2;2,41;-0,43;99;180,3;3,34;-0,47;99;188,3;3,02;-0,51;99;189,6;3,22;-0,54;99;182;3,14;-0,57;99;181,8;3,72;-0,61;99;185,8;3,29;-0,51;97;174;4,38;-0,7;96;169,2;4,36;-0,71;95;0,37;0,38;0,28;0,31;0,33;0,37;0,32;0,3;0,27;0,29;60;62;87;78;86;83;99;87;96;95
31.08.2016 14:00;215,4;2,76;-0,52;99;211,9;3,31;-0,56;99;216,6;3,13;-0,52;99;230,8;4,1;-0,44;99;230,7;4,2;-0,26;99;234,8;4,12;-0,1;99;232,8;4,39;-0,01;99;224,6;4,3;0,03;99;233,2;4,36;0,06;99;238,5;4,79;0,16;99;0,38;0,33;0,35;0,29;0,3;0,33;0,29;0,3;0,3;0,29;71;86;82;99;99;99;99;99;99;99
31.08.2016 14:10;247,3;2,91;-0,18;99;249,2;2,81;-0,21;99;245,7;2,92;-0,28;99;245,4;3,37;-0,36;99;234,6;3,12;-0,48;99;236,2;3,68;-0,53;99;233,7;3,94;-0,65;99;235,8;4,3;-0,75;99;233;3,36;-0,76;97;223,7;3,01;-0,84;97;0,38;0,41;0,38;0,35;0,35;0,29;0,26;0,26;0,33;0,37;76;73;76;88;81;96;99;99;82;79
31.08.2016 14:20;209,9;3,96;-0,16;99;216,4;3,9;-0,14;99;211,8;4,64;-0,05;99;214,3;4,52;0,19;99;214,1;4,92;0,18;97;217,1;5,09;0,22;96;217,3;4,97;0,13;96;222,2;4,75;0,08;96;211,5;4,4;0,08;94;205;6,01;0,05;93;0,27;0,26;0,2;0,21;0,19;0,19;0,3;0,34;0,59;0,33;99;99;99;99;97;96;96;96;94;93
31.08.2016 14:30;206;2,91;-0,19;98;200;3,01;-0,26;99;201,7;2,91;-0,2;99;210,6;3,33;-0,27;99;211,7;3,42;-0,23;99;212,3;3,97;-0,23;99;210,9;3,58;-0,27;99;209,7;3,89;-0,23;99;219,9;4,57;-0,18;98;212,8;4,79;-0,13;96;0,29;0,3;0,29;0,27;0,25;0,26;0,29;0,33;0,24;0,23;75;78;76;94;89;99;94;99;98;96
31.08.2016 14:40;227,2;2,97;-0,16;99;232,5;3,31;-0,09;99;239;3,44;-0,05;99;228,1;3,58;-0,02;99;237;3,28;0;98;227,5;3,64;-0,09;98;227,9;3,59;-0,17;97;242,7;3,88;-0,24;95;214,2;2,39;-0,41;94;215,3;3,43;-0,18;91;0,28;0,24;0,24;0,29;0,35;0,25;0,31;0,51;0,59;0,58;78;86;90;99;80;97;96;89;77;67
31.08.2016 14:50;191,1;2,31;0,03;98;193,7;2,82;0,14;99;193,9;2,88;0,14;99;207,5;2,33;0,25;99;215,5;2,61;0,33;99;222,5;2,67;0,45;100;218,8;2,58;0,51;99;217,4;2,98;0,6;99;218,6;2,73;0,6;99;215;2,65;0,72;98;0,37;0,33;0,34;0,41;0,39;0,39;0,42;0,35;0,41;0,55;60;74;75;60;68;71;65;79;76;77
31.08.2016 15:00;203,4;3,59;-0,41;99;211,8;4,14;-0,42;99;207,6;4,14;-0,33;99;208,1;3,84;-0,29;99;202,5;4,31;-0,3;99;208,9;4,22;-0,37;98;205,5;4,91;-0,33;97;215,5;4,11;-0,24;97;200,7;4,22;-0,15;95;206;4,51;0,02;93;0,24;0,21;0,19;0,21;0,24;0,24;0,25;0,24;0,27;0,22;93;99;99;99;99;98;97;97;95;93
31.08.2016 15:10;203,9;2,75;-0,28;98;211,1;3,24;-0,19;98;208,9;3,92;-0,24;98;199,4;4;-0,31;98;199,4;3,79;-0,32;98;205,9;4,51;-0,33;97;203,2;4,54;-0,29;97;201,3;4,23;-0,32;95;195;3,67;-0,44;92;207,8;3,55;-0,24;89;0,25;0,19;0,15;0,16;0,2;0,19;0,23;0,28;0,36;0,46;71;83;98;98;98;97;97;95;92;89
31.08.2016 15:20;169,6;3,13;0,01;98;158,9;3,53;-0,05;99;160,1;3,49;-0,09;99;176,4;3,44;-0,07;99;181,3;3,36;-0,08;99;184,1;3,61;-0,05;98;182;3,7;-0,06;98;186,3;3,69;-0,04;97;192,4;3,29;-0,11;94;191,3;2,9;-0,21;90;0,23;0,22;0,25;0,27;0,26;0,26;0,28;0,24;0,39;0,39;81;92;91;89;88;98;98;97;93;90
31.08.2016 15:30;190,7;1,83;-0,15;99;188,4;1,73;-0,22;98;187,5;1,77;-0,28;99;218,5;1,93;-0,38;99;243,7;2,01;-0,44;99;242,2;2,52;-0,44;98;242,7;2,35;-0,35;97;264,9;2,33;-0,35;95;274,6;2,66;-0,49;94;306,4;4,39;-0,24;92;0,44;0,49;0,53;0,52;0,52;0,54;0,8;0,82;0,95;0,41;48;44;47;50;52;62;48;56;51;92
31.08.2016 15:40;239,7;1,5;-0,08;97;230,8;1,9;-0,06;99;221,7;1,71;-0,14;97;243,8;1,78;-0,04;99;248;2,05;0,08;98;255,7;2,31;0,15;97;246,2;2,6;0,22;94;248;2,39;0,31;91;243,3;1,97;0,23;73;233,5;2,6;0,34;51;0,38;0,32;0,39;0,64;0,41;0,5;0,58;0,46;1,64;1,45;39;50;44;37;53;56;59;73;23;28
31.08.2016 15:50;260,2;0,72;-0,14;98;232,6;1,07;-0,1;99;215,9;1,54;-0,08;98;239,3;1,8;0;99;230;1,38;0,21;99;228,9;1,82;0,28;99;220,2;2,19;0,41;98;214,1;1,67;0,47;98;226,4;2,2;0,46;97;230,9;3,21;0,38;94;1,11;0,93;0,61;0,65;0,98;0,73;0,46;1,33;0,82;1,89;18;28;40;48;36;46;67;31;48;33
31.08.2016 16:00;228;1,32;0,06;98;220,6;1,36;0,11;98;224,2;1,43;0,23;99;227,9;1,57;0,29;99;213,6;2,04;0,38;98;205;1,86;0,61;98;200,9;2,22;0,74;97;204,6;2,27;0,84;95;113,3;2,08;0,74;92;162,8;1,96;0,97;64;0,56;0,54;0,55;0,5;0,6;0,75;0,73;0,76;0,66;0,5;34;35;37;42;51;37;48;48;88;64
31.08.2016 16:10;249,6;1,81;0,06;99;234,9;2,48;0,02;99;241,9;2,65;-0,04;99;240,5;2,66;0,22;95;261,4;3,23;0,16;93;266,2;3,41;0,05;90;289,1;5,27;-0,18;85;260,1;3,31;-0,51;67;281,5;7,56;-0,82;58;221,7;4,15;-0,83;32;0,4;0,28;0,25;0,47;0,56;0,67;0,47;0,7;0,95;0,92;47;64;69;67;93;90;85;67;58;32
31.08.2016 16:20;248,4;2,05;0,02;98;250,3;1,98;-0,03;98;244,2;2,4;-0,04;99;256,6;1,99;-0,19;95;243,3;2,63;-0,13;92;226,7;3,54;-0,03;70;233;3,66;-0,2;45;293,5;4,42;-1,08;26;56,6;8,44;-2,78;16;154,7;2,33;-3,26;5;0,28;0,29;0,24;1,54;0,79;1,37;0,7;0,42;0,65;0,87;53;51;62;25;55;34;45;26;16;5
31.08.2016 16:30;262;1,65;-0,24;97;257,3;1,85;-0,24;98;265,3;1,83;-0,32;97;246,5;2,36;-0,36;96;257,2;2,87;-0,3;95;255,5;2,6;-0,33;92;268,9;3,14;-0,64;87;236,5;2,52;-0,58;60;317,4;6,96;-1,54;41;33,3;13,78;-4,14;16;0,31;0,32;0,48;0,33;0,58;0,8;0,85;1;0,59;0,54;43;48;41;67;48;61;74;53;41;16
31.08.2016 16:40;289;2,22;-0,08;97;278;2,4;-0,01;98;268,4;2,6;-0,02;99;268,1;2,97;0,08;99;273,7;2,69;0,17;98;278,7;2,48;0,35;98;288,5;2,56;0,49;98;289,9;2,51;0,58;97;268,5;2,57;0,76;96;275,2;2,28;0,74;93;0,27;0,25;0,23;0,19;0,24;0,4;0,41;0,69;0,65;0,88;56;62;68;78;71;63;59;58;59;50
31.08.2016 16:50;279;3,11;-0,05;98;276,1;3,66;0,04;98;273,5;3,59;0,01;98;277,6;3,9;0,16;98;278;3,93;0,32;98;270,5;4,04;0,35;97;267,7;3,59;0,42;96;272,8;2,86;0,42;94;260,7;3,11;0,64;92;271,8;3,03;0,67;89;0,21;0,17;0,17;0,13;0,14;0,21;0,31;0,76;0,42;0,43;80;95;93;98;98;95;86;42;71;88
31.08.2016 17:00;272,5;3,08;-0,18;97;259;3,29;-0,16;98;258,2;3,73;-0,14;97;244;3,27;-0,14;93;225,3;3,77;-0,29;86;230,3;5,22;-0,28;73;211,5;5,06;-0,9;60;181,3;5,57;-0,53;44;176,7;24,78;-1,98;34;154,8;8,28;-2,96;24;0,25;0,2;0,25;1,01;1,28;0,46;0,86;1,15;0,16;0,38;79;86;90;58;42;73;60;39;34;24
31.08.2016 17:10;251,5;1,73;-0,09;98;257;2,32;-0,07;98;250,6;2,7;-0,1;97;236,8;2,79;-0,15;89;277,1;4,08;-0,37;39;341,7;7,9;-1,63;14;7,2;4,66;-1,37;4;340,5;5,14;-1,52;18;234,9;13,97;-2,95;6;288;14,56;-4,06;1;0,27;0,2;0,16;0,62;1,61;0,28;0,37;1,04;0,62;0,58;45;59;68;68;16;14;4;18;6;1
31.08.2016 17:20;256,3;1,43;-0,08;96;241,4;1,57;-0,11;97;260,7;2,06;0,01;96;254,8;2,48;-0,01;95;250,2;2,31;-0,01;96;259,1;2,14;0,01;93;261,2;3,17;-0,04;88;249,7;2,13;0,15;63;277,4;3,12;0,09;12;83,7;16,56;-3,14;1;0,27;0,31;0,22;0,15;0,12;0,55;0,46;0,57;0,48;0,38;36;40;52;61;60;36;75;33;9;1
31.08.2016 17:30;261,8;0,76;0,07;97;257,3;1,24;-0,03;96;255;1,81;0,07;96;258,4;2,37;-0,02;96;257,7;2,41;0,02;94;268,7;3,01;-0,04;92;277,6;2,68;-0,14;91;293,8;1,34;-0,33;82;39,8;6,4;-1,06;45;94;11,31;-2,65;28;0,77;0,41;0,26;0,47;0,36;0,59;1,08;0,73;0,38;0,49;19;31;45;65;52;50;39;77;45;28
31.08.2016 17:40;279,8;1,17;-0,01;97;269,5;1,6;-0,07;96;270,3;1,83;0,01;96;282,6;2,3;0,06;96;275,9;2,27;0,04;95;255,9;2,78;0,06;92;253,2;2,25;0,05;78;285,7;3,5;-0,05;47;184,8;23,22;-1,45;7;52,7;9,06;-1,97;2;0,37;0,25;0,21;0,23;0,75;0,43;0,57;1,54;0,42;1,55;29;39;46;65;43;75;74;28;7;2
31.08.2016 17:50;327;1,5;0,12;97;310,7;1,74;0,17;98;307,3;1,31;0,14;97;304,5;1,79;0,21;96;293,9;1,57;0,26;91;260,2;2,08;0,11;49;351,6;4,53;-0,6;18;10,9;1,43;0,01;31;247;5,85;-0,97;12;138;15,12;-2,47;2;0,31;0,27;0,35;0,45;0,34;0,83;0,45;0,94;2,02;3,8;39;45;34;49;39;39;18;31;7;1
31.08.2016 18:00;314,7;1,02;0,01;94;284,3;0,45;-0,09;94;307,9;1,45;0,02;90;337,9;1,62;-0,08;61;352,8;1,65;-0,2;78;303;2,66;-0,07;75;324,6;1,97;-0,31;34;289,3;1,82;-0,13;36;347,4;13,01;-2,52;5;26,4;21,94;-4,08;2;0,48;1,22;0,51;0,46;0,52;0,56;0,64;0,53;0,25;0,38;25;18;32;48;63;64;33;36;5;2
31.08.2016 18:10;258,8;1,54;0,13;96;265,8;1,98;0,04;96;277,6;2,44;0,09;96;296,9;2,46;0,06;97;299,3;2,47;-0,02;96;310,7;2,61;-0,04;93;297,3;3,02;0,1;89;305;4,53;-0,12;68;309,5;4,38;-0,15;34;39,2;3,19;-0,3;16;0,37;0,24;0,24;0,43;0,32;0,43;0,4;0,44;0,54;0,57;39;49;61;51;65;87;88;68;34;16
31.08.2016 18:20;290,1;2,26;0;97;295,1;2,54;0,05;97;295;2,47;0,06;97;304;3;0,01;94;311,4;3,97;-0,25;92;11,2;3,22;-0,46;88;331,6;3,77;-0,73;69;322,2;7,26;-2,22;34;277,6;8,14;-4,64;17;6,9;3,87;-5,47;17;0,2;0,15;0,12;0,35;0,51;0,42;0,85;0,47;0,88;1,14;58;66;63;76;92;88;69;34;17;17
31.08.2016 18:30;282,3;1,87;0,06;96;289,5;2,3;0,05;97;292,9;2,85;0,12;98;269,2;2,6;0;95;272,5;2,47;-0,06;92;257,3;2,63;-0,11;88;314,3;5,87;-0,93;38;94,1;2,66;0,15;15;82,2;20,12;-1,9;11;35,3;3,35;-2,94;10;0,22;0,19;0,26;0,66;1,92;2,35;0,4;0,49;0,54;0,82;48;60;68;62;22;18;38;15;11;10
31.08.2016 18:40;245,4;1,36;0,03;96;265,6;2,05;0,02;96;285,2;2,07;0;97;292,4;2,91;0,09;96;274,3;3,21;0,05;94;239,9;4,21;-0,31;79;219,1;2,94;-0,49;62;254,4;3,78;-0,05;57;204,6;6,99;-0,8;44;197,3;6,5;-1,16;39;0,31;0,19;0,22;0,08;0,31;0,52;0,97;0,41;0,59;0,71;35;53;53;76;94;79;43;57;44;39
31.08.2016 18:50;243;1,19;0,02;96;265,9;1,24;0,09;96;279;2,03;0,07;96;298,6;2,64;0,1;99;301,6;3,04;0,08;99;300,5;2,82;0,04;97;294,7;3,63;0,19;96;287;4,42;0,2;95;297,1;4,17;0,16;96;299,9;4,42;0,17;94;0,41;0,4;0,21;0,24;0,16;0,39;0,15;0,36;0,27;0,32;31;32;53;70;81;73;96;95;96;94
31.08.2016 19:00;186,9;0,92;0,09;95;245,2;0,88;0;96;291,9;1,42;0,1;96;296,2;2,31;0,2;97;294,6;3,03;0,19;99;295,9;3,68;0,2;99;289,7;4,59;0,2;99;290,4;5,59;0,19;99;294,6;6,17;0,27;93;301,9;8,14;0;16;0,57;0,61;0,35;0,15;0,11;0,1;0,06;0,06;0,26;0,36;24;22;36;60;81;98;99;99;93;16
31.08.2016 19:10;155,9;0,96;0;96;160,5;0,15;0,1;95;344,3;0,72;0,11;95;296,2;2;0,12;97;297,8;2,66;0,14;99;293,2;3,67;0,19;99;293,9;4,55;0,24;99;290,2;5,28;0,3;99;292,3;5,95;0,34;95;297,8;6,58;0,29;74;0,57;3,97;0,76;0,18;0,11;0,08;0,06;0,06;0,12;0,09;24;3;18;52;71;98;99;99;95;74
31.08.2016 19:20;169,5;1,24;-0,01;97;215,9;0,61;-0,02;95;336,8;0,72;-0,08;96;312;1,51;0,05;96;287,3;2,41;0,1;97;294,6;3,08;0,08;98;294,8;3,87;0,05;99;298,6;4,83;0,11;100;303,8;5,56;0,14;99;302,5;6,29;0,08;100;0,38;0,84;0,81;0,3;0,14;0,12;0,08;0,06;0,05;0,04;32;15;18;38;63;81;99;100;99;100
31.08.2016 19:30;169,8;0,53;-0,01;96;226;0,71;0,03;96;320,4;0,87;0,06;96;320,3;2,23;0,05;97;312,2;2,51;0,1;98;306;3,14;0,08;98;307,8;4;0,14;98;309,9;4,43;0,13;98;313,7;5,23;0,16;99;315;6,37;0,15;98;1,06;0,69;0,6;0,21;0,11;0,08;0,07;0,07;0,05;0,06;12;18;22;58;66;83;98;98;99;98
31.08.2016 19:40;123,8;1,09;0,03;96;333,4;0,49;0,01;94;300,8;1,19;0,04;95;327,1;1,56;0,02;96;313,8;2,8;0,06;97;318,9;3,03;0,09;97;310,6;3,79;0,12;99;313;4,56;0,11;99;315,6;5,38;0,18;99;322;5,59;0,1;97;0,6;1,01;0,43;0,29;0,17;0,1;0,06;0,05;0,05;0,07;28;13;30;40;74;80;99;99;99;97
31.08.2016 19:50;186,5;1,2;-0,04;96;355,5;1,1;0,02;95;320,6;0,54;0,01;95;318,2;2,01;0,06;95;319,9;2,62;0,01;95;312,4;2,65;0,08;96;314,8;3,2;0,08;95;318,6;3,69;0,03;97;321,3;4,27;0,04;97;319,5;5,21;0,05;94;0,53;0,52;1,07;0,26;0,2;0,16;0,09;0,11;0,09;0,08;31;28;13;51;67;68;82;96;97;94
31.08.2016 20:00;209,6;1,09;0,04;95;201,5;0,5;0,05;94;311,6;0,56;0,01;94;331,8;1,82;-0,02;96;315,1;2,32;0,03;95;316,9;2,56;0,04;96;316,9;3,46;0,08;98;324,5;3,81;0,07;96;317,5;4,19;0,06;96;319,5;4,63;0;95;0,55;1,24;1,15;0,47;0,23;0,17;0,16;0,09;0,09;0,09;28;13;14;47;60;66;92;96;96;95
31.08.2016 20:10;215,4;1,28;0,04;94;251,7;0,93;0,03;95;275,9;0,84;0,06;94;315,4;1,27;0,17;96;308,2;2,21;0,14;96;310,3;2,49;0,07;96;315;3,04;0,07;98;313,3;3,73;0,07;98;312,4;4,41;0,1;98;314,3;5;0,09;98;0,43;0,56;0,6;0,36;0,25;0,11;0,14;0,07;0,06;0,05;32;24;22;33;57;64;79;98;98;98
31.08.2016 20:20;208,3;1,13;0,03;96;270,5;0,97;0,01;94;261,8;0,79;0;94;317;1,37;0,11;95;309,3;2,09;0,1;96;323,3;2,44;0;98;314,9;2,66;0,04;97;314,7;3,44;0,09;97;316,2;4,1;0,08;97;316;4,66;0,07;98;0,55;0,9;0,82;0,4;0,2;0,2;0,11;0,1;0,07;0,06;29;24;20;34;54;65;69;88;97;98
31.08.2016 20:30;160;1,72;-0,03;97;157,1;1,82;0,01;95;168,4;1,18;0,07;95;312,4;0,59;0,08;96;317,8;1,63;0,11;94;315,4;2,32;0,09;97;313;2,61;0,1;97;312,4;3,17;0,07;97;316,1;3,74;0,05;98;317,3;4,43;0,07;98;0,29;0,29;0,47;1,14;0,28;0,17;0,12;0,09;0,1;0,06;45;47;29;14;41;60;68;82;97;98
31.08.2016 20:40;154,2;2,08;-0,1;97;153,4;1,55;-0,04;97;162,7;1,22;-0,14;95;353,9;0,32;-0,05;94;351,5;1,38;-0,04;95;318,9;1,39;-0,03;96;318,6;2,21;0,08;95;322,5;2,88;0,05;96;320,1;3,4;0,08;96;316,8;3,78;0,07;95;0,21;0,29;0,46;1,88;0,35;0,44;0,15;0,1;0,08;0,07;54;41;30;7;35;36;56;75;88;95
31.08.2016 20:50;168,2;1,76;-0,01;97;187,3;2,01;0,08;94;182;1,14;0,04;96;330,6;1,13;0,01;94;322,8;1,99;0,02;96;311,8;2,03;0,07;96;312,3;2,83;0,09;97;314,6;3,33;0,07;97;315,6;4,3;0,08;96;321,5;4,62;0,03;94;0,3;0,25;0,43;0,49;0,25;0,16;0,14;0,09;0,07;0,07;45;51;30;28;52;53;74;87;96;94
31.08.2016 21:00;174,9;2,25;0,01;95;180,8;1,91;0,08;97;184,6;1,73;0,18;94;282,5;0,54;0,06;94;315;1,76;0,05;96;300,4;2,38;0,13;96;309,1;2,84;0,09;96;317,9;3,38;0,07;97;315;3,75;0,1;97;321,4;4,48;0,12;92;0,22;0,21;0,29;1,2;0,25;0,11;0,1;0,08;0,05;0,07;58;49;43;13;45;61;74;88;97;92
31.08.2016 21:10;193,8;1,53;0;97;201,1;1,98;0,09;96;197,1;1,37;0,15;96;291,4;0,91;0,18;96;298,1;1,62;0,13;97;299,7;1,93;0,13;98;305,2;2,69;0,11;96;308,4;3,25;0,11;92;313,6;3,41;0,1;93;315,4;3,84;0,1;93;0,28;0,27;0,35;0,53;0,26;0,18;0,08;0,12;0,07;0,07;40;52;35;23;41;52;69;83;85;93
31.08.2016 21:20;179,7;1,46;-0,08;95;201,8;0,99;-0,01;95;222,7;1,42;-0,03;95;296,5;1;-0,05;95;289;2,12;0,04;96;310,7;2,51;0,07;96;305,5;3,13;0,06;96;304,6;3,34;0,09;96;305,4;3,82;0,07;96;312,4;4,34;0,02;97;0,31;0,53;0,32;0,77;0,26;0,12;0,13;0,13;0,07;0,08;37;25;37;26;59;65;80;84;96;97
31.08.2016 21:30;199,5;1,63;-0,02;95;228,2;1,18;0,02;96;242,8;1,63;0,13;94;289,5;1,75;0,11;96;300,8;2,72;0,07;95;302,7;2,52;0,09;98;305,4;3,11;0,07;98;307,5;3,47;0,08;98;303,7;3,88;0,04;98;306,9;4,3;0,02;98;0,3;0,54;0,23;0,29;0,14;0,11;0,08;0,09;0,06;0,07;42;30;41;45;69;67;82;91;98;98
31.08.2016 21:40;174,9;1,27;0,04;96;193,3;1,2;0,03;96;230;1,32;0,03;95;291,9;2,02;0,12;96;285,6;2,38;0,08;97;302,4;2,84;0,09;98;303;3,47;0,09;99;306,8;3,82;0,06;98;309,7;3,9;0,03;97;309,8;4,13;0,06;96;0,41;0,46;0,36;0,2;0,15;0,1;0,08;0,08;0,09;0,06;33;31;33;53;62;75;93;98;97;96
31.08.2016 21:50;201;1,68;0,05;94;226,7;1,06;0,04;95;257,5;1;0,09;94;286,3;1,73;0,08;96;293,6;2,88;0,06;98;297,1;2,88;0,14;98;301,6;3,37;0,13;99;302,3;3,46;0,11;99;301;3,92;0,11;99;306,5;4,16;0,09;99;0,31;0,56;0,52;0,27;0,11;0,11;0,08;0,07;0,06;0,06;42;27;25;44;76;76;90;93;99;99
31.08.2016 22:00;191,6;0,74;0,01;94;264,6;1,18;0,03;95;293,9;2,16;0,07;96;299,5;2,53;0,08;98;297,6;3,39;0,1;99;303,3;3,15;0,08;99;303,3;3,39;0,12;99;303,6;3,66;0,09;99;305,1;4,02;0,11;99;305,2;4,54;0,1;99;0,88;0,45;0,26;0,13;0,09;0,08;0,07;0,06;0,06;0,05;19;30;57;67;90;84;90;98;99;99
31.08.2016 22:10;334;0,52;0,05;96;305,3;1,24;-0,01;96;308,1;1,92;0,03;98;294;3,05;0,05;98;294,5;3,51;0,1;99;301,7;3,38;0,07;98;304,3;3,68;0,06;99;306,8;4;0,09;99;309,7;4,55;0,09;99;308,7;4,79;0,09;99;0,94;0,35;0,22;0,11;0,08;0,08;0,06;0,06;0,06;0,05;13;32;51;80;94;89;98;99;99;99
31.08.2016 22:20;37,2;0,78;-0,02;94;326,9;0,7;-0,06;96;289,7;1,74;0,02;96;291,3;2,53;0,07;96;295,6;2,83;0,09;98;303,5;3,38;0,09;99;308,9;3,75;0,07;99;311,2;4,12;0,06;98;310,6;4,83;0,05;98;310,6;5,11;0,08;98;0,59;1;0,37;0,13;0,08;0,07;0,07;0,07;0,06;0,06;20;17;45;65;74;90;99;98;98;98
31.08.2016 22:30;232,9;0,94;0,02;94;266,9;1,3;0,02;95;282,9;1,64;0,01;96;273,5;2,68;0,01;97;283,8;2,55;0,05;96;297,8;2,91;0,05;98;299,2;3,82;0,09;99;303,4;4,32;0,06;99;304,8;4,52;0,06;99;306,5;4,94;0,03;99;0,5;0,35;0,28;0,17;0,14;0,12;0,08;0,08;0,05;0,05;24;32;42;70;66;77;99;99;99;99
31.08.2016 22:40;342,2;0,84;-0,01;94;299,5;0,73;-0,03;95;272,5;1,05;-0,03;69;275,3;2,24;0,05;95;295,3;2,49;0,14;96;299,3;2,8;0,1;99;301,2;3,27;0,13;99;304,7;3,9;0,11;99;305,1;4,21;0,1;99;310,3;4,73;0,08;99;0,78;0,82;0,46;0,2;0,13;0,1;0,08;0,05;0,06;0,05;21;18;19;58;64;74;87;99;99;99
31.08.2016 22:50;240,3;0,54;0,04;95;252,5;1,15;0,07;95;276,6;1,27;0,03;95;260,6;2,27;0;96;290,7;2,53;0,01;96;304;3,05;0,08;98;298,9;3,62;0,06;99;302;4,31;0,04;98;304,7;4,88;0,05;99;307,1;5,41;0,02;98;1,1;0,45;0,36;0,21;0,18;0,1;0,08;0,07;0,06;0,05;13;29;32;60;65;80;97;98;99;98
31.08.2016 23:00;306,6;0,46;0,07;95;288,6;1,28;0,08;95;273,2;1,2;0,02;95;279,8;2,41;0,06;97;294,1;2,82;0,04;98;306,2;3,22;0,08;98;306,1;3,73;0,06;99;305,9;4,3;0,07;99;309,4;4,74;0,06;99;310,3;5,09;0,05;99;1,15;0,41;0,34;0,13;0,12;0,08;0,11;0,05;0,05;0,06;11;32;30;63;75;85;99;99;99;99
31.08.2016 23:10;157,1;0,01;-0,04;96;302,4;0,98;0;96;303,1;1,79;0,07;96;293,1;2,55;0,07;96;299,3;2,94;0,05;98;308,2;3,16;0,07;98;303,6;3,54;0,08;99;308,3;4,38;0,06;99;306,6;4,63;0,07;99;309,7;4,62;0,07;98;26,7;0,59;0,24;0,13;0,12;0,07;0,06;0,07;0,05;0,06;0;25;46;65;78;83;95;99;99;98
31.08.2016 23:20;334,6;0,73;0,02;94;330,8;1,07;-0,03;95;297,4;1,77;0,01;96;305,4;2,2;0,03;97;310,2;2,71;0,07;97;304,1;3,35;0,03;98;306,9;3,55;0,03;98;307,1;3,9;0,02;98;309,3;4,3;0,01;97;312,9;4,55;-0,02;98;0,85;0,55;0,27;0,2;0,12;0,1;0,08;0,07;0,07;0,06;17;27;46;57;71;89;93;98;97;98
31.08.2016 23:30;289,1;1,13;0,04;94;275,2;1,63;0,02;95;283,8;1,93;0,06;95;298,2;2;0,04;96;298,7;2,93;0,07;98;300,4;3,3;0,06;99;303,7;3,81;0,08;99;305,2;4,04;0,07;98;308,6;4,06;0,09;98;309,4;4,28;0,11;97;0,51;0,32;0,19;0,18;0,12;0,08;0,07;0,07;0,09;0,06;28;42;49;51;77;88;99;98;98;97
31.08.2016 23:40;229,4;0,59;-0,05;94;246;1,34;0;96;265,2;2,06;-0,02;97;288,7;2,12;0,04;96;299,2;2,79;0,04;96;301,8;3,12;0,05;98;299,1;3,69;0,05;98;299,1;3,8;0,05;98;304,6;4,08;0,06;98;311,4;4,06;0,03;96;1,03;0,4;0,25;0,18;0,12;0,09;0,06;0,06;0,06;0,14;13;35;54;55;72;82;97;98;98;96
31.08.2016 23:50;177,6;1,32;-0,01;95;198,6;0,95;-0,01;96;223,1;0,69;0,03;96;284,4;1,84;0,07;95;291,4;2,56;0,09;97;291,4;2,96;0,08;98;298;3,4;0,08;99;302,8;3,58;0,1;99;306,5;3,84;0,09;96;319,2;3,84;0,06;95;0,42;0,52;0,78;0,24;0,15;0,09;0,07;0,06;0,06;0,12;33;25;18;47;66;78;90;95;96;95
01.09.2016 00:00;187,3;1,47;-0,16;96;191,9;0,94;0,05;96;226,8;1,18;0,02;95;265,8;1,45;0,07;95;290,6;2,45;0,07;95;291,1;2,89;0,11;98;296,2;3,17;0,1;99;300;3,51;0,09;99;304,5;3,69;0,1;98;307,6;3,99;0,08;97;0,38;0,64;0,46;0,37;0,15;0,1;0,08;0,07;0,06;0,06;37;23;30;37;63;77;84;94;98;97
01.09.2016 00:10;162,4;1,7;-0,05;95;191,8;0,67;-0,02;95;288,3;0,73;0,09;94;269,7;2,01;0,03;96;298,6;2,66;0,1;97;300,3;3,04;0,06;98;306,7;3,45;0,04;98;299,5;3,59;0,04;96;310,8;3,85;0,07;90;317,2;3,6;0,01;92;0,38;0,98;0,74;0,21;0,12;0,08;0,08;0,12;0,17;0,28;44;17;18;52;70;79;91;96;88;73
01.09.2016 00:20;180,2;1,97;0,01;96;191,5;1,3;0,1;96;242,4;1,57;0,03;96;260,9;1,96;0,02;96;269,1;2,25;0,05;96;286,4;2,47;0,13;96;285,4;2,8;0,14;97;285,7;2,91;0,11;96;293,1;3,23;0,14;95;297,8;3,35;0,12;93;0,25;0,35;0,34;0,24;0,17;0,12;0,08;0,09;0,08;0,16;51;33;41;51;58;63;73;75;83;82
01.09.2016 00:30;203,4;1,59;0;97;280,2;1,19;0,16;95;291,4;2,04;0,11;96;282,8;1,99;0,08;96;289,7;2,73;0,1;98;296,7;3,05;0,11;98;290,3;3,22;0,12;99;295,1;3,9;0,12;97;299,6;3,89;0,13;94;303,9;3,66;0,06;95;0,39;0,39;0,23;0,2;0,11;0,09;0,08;0,13;0,11;0,06;42;30;53;51;73;80;86;97;94;91
01.09.2016 00:40;296,6;0,73;-0,03;94;295,6;1,52;0;94;304,1;1,94;0,09;95;298,4;2,74;0,07;97;289,3;3,17;0,07;99;297,8;3,4;0,08;98;299;3,48;0,04;99;304,7;3,69;0,04;93;310,6;3,57;0,04;89;308,6;3,99;0,04;92;0,72;0,31;0,21;0,11;0,1;0,06;0,06;0,07;0,12;0,16;18;39;49;72;85;90;93;93;78;92
01.09.2016 00:50;331;0,47;-0,07;94;307,5;1,29;0,03;95;295,1;1,93;0,08;96;282,6;2,2;0;96;288,2;2,78;0,05;96;297,9;3,11;0,06;98;300,4;3,18;0,05;98;309,8;3,68;0,03;95;314,4;3,34;0,05;93;320,4;4,05;0,03;93;1,73;0,44;0,21;0,2;0,11;0,08;0,08;0,1;0,17;0,11;11;32;50;57;72;82;85;94;86;93
01.09.2016 01:00;228,8;0,76;0,12;94;280,7;1,62;0,04;94;288,6;1,8;0,1;96;270,5;2,49;0,08;96;280,8;2,87;0,14;97;281;3,19;0,15;98;288,1;3,01;0,15;96;305,3;3,03;0,11;98;311,9;3,66;0,13;97;312,8;3,94;0,09;72;0,71;0,3;0,27;0,17;0,1;0,11;0,14;0,14;0,05;0,07;20;40;46;64;75;85;77;82;97;72
01.09.2016 01:10;279,9;1,96;0,1;96;298,4;1,3;0,1;95;298,3;2,12;0,1;96;292,8;2,76;0;96;288,5;3,07;0,13;98;295,4;3,24;0,13;97;301,6;3,04;0,11;94;304,4;3,21;0,11;95;311,9;3,81;0,08;91;315,2;3,27;0,09;90;0,26;0,38;0,2;0,17;0,11;0,08;0,08;0,09;0,09;0,08;51;33;55;71;81;88;75;80;90;79
01.09.2016 01:20;328,8;0,84;-0,01;93;314,4;1,7;0,04;95;299,6;1,93;0;96;285,7;2,48;0,05;97;291,2;3,16;0,1;98;295,1;3,71;0,08;98;301,5;3,28;0,09;99;303,8;3,39;0,09;99;309,7;3,86;0,04;93;313,8;3,63;0,07;92;0,76;0,25;0,25;0,16;0,09;0,08;0,06;0,09;0,09;0,16;20;43;50;64;83;98;87;90;93;86
01.09.2016 01:30;170,7;0,22;0,11;96;289,7;0,98;0,11;95;277,9;1,23;0,05;96;280,5;2,12;0,03;96;277,1;2,82;0,04;95;288,5;3,08;0,08;96;292,6;2,81;0,1;97;300,7;2,76;0,07;98;310,1;2,83;0,05;96;313,3;3;0,11;89;2,5;0,45;0,4;0,17;0,12;0,09;0,08;0,07;0,11;0,12;5;26;32;55;72;80;73;72;72;80
01.09.2016 01:40;181,8;0,62;0,08;95;176,8;0,87;0,11;95;241;1,15;0,01;95;243,4;1,92;-0,03;96;269,9;2,26;0,1;96;281,7;2,61;0,07;97;293,6;2,66;0,08;97;299,9;2,35;0,05;94;308;2,55;0,01;94;306,4;2,88;0,08;88;0,81;0,63;0,43;0,25;0,17;0,1;0,12;0,15;0,14;0,1;17;23;28;50;59;68;69;63;70;67
01.09.2016 01:50;162,5;0,78;0,13;95;193,9;1,45;0,02;96;228,1;1,22;0,03;94;261,7;1,66;-0,03;94;278,2;2,07;0,04;96;292,8;2,36;0,04;97;308,5;2,58;0,01;95;298,6;2,34;0,07;64;301,9;2,89;0,08;75;256,9;1,84;-0,08;19;0,72;0,39;0,32;0,26;0,18;0,13;0,19;0,35;0,5;0,57;20;37;31;41;53;61;65;38;42;17
01.09.2016 02:00;253,9;1,04;0,09;95;246,4;1,16;0,06;94;273,5;1,52;0,11;94;281,7;1,9;0,07;95;288,9;2,47;0,11;97;286,4;2,71;0,13;97;289,4;3,01;0,12;99;292,7;2,99;0,1;96;313,3;4,05;0,1;55;331,4;5,09;0,31;34;0,52;0,41;0,35;0,18;0,14;0,09;0,09;0,09;0,2;0,22;27;29;39;48;65;71;80;76;46;34
01.09.2016 02:10;319,9;0,18;0,05;94;250,9;0,78;0,05;94;282,2;1,34;0,13;95;281,9;1,71;0,05;94;293;2,59;0,07;96;289;2,85;0,08;97;290,7;3,61;0,05;99;299,2;3,44;0,09;98;299,8;3,68;0,04;90;281,8;2,72;-0,05;11;2,96;0,76;0,41;0,23;0,14;0,1;0,1;0,08;0,08;0,53;5;19;34;43;66;75;96;91;90;11
01.09.2016 02:20;241,4;0,38;0,09;96;212,3;0,81;0,06;95;234;0,76;0,07;94;286,1;1,62;0,09;95;288,8;2,03;0,1;98;287,5;2,41;0,13;98;290,2;3,09;0,12;97;295;3,63;0,14;100;301,3;3,71;0,13;90;9,5;3,8;-0,43;2;1,56;0,75;0,84;0,32;0,19;0,12;0,07;0,07;0,1;0,47;10;21;18;41;54;64;81;98;88;2
01.09.2016 02:30;135,9;1,18;-0,06;94;132,5;1,06;-0,05;95;164,7;1,37;-0,09;95;252,6;0,82;0,12;96;279;2,11;0,09;96;273,9;2,33;0;95;279,3;2,71;-0,03;95;290,5;3,55;-0,06;98;303,3;3,69;0,03;72;109,6;13,85;1,76;0;0,47;0,45;0,42;0,74;0,2;0,15;0,14;0,1;0,13;0,71;29;28;35;21;55;60;69;93;72;0
01.09.2016 02:40;178,5;1,14;0,14;95;178;0,51;0,12;95;188,1;0,26;0;93;313,6;1,41;0,07;94;279,3;2,18;0,03;97;285,1;2,48;0,02;97;286;3,41;0,04;98;294;3,81;0,01;95;315,3;5,62;0,1;7;302,8;3,72;-0,03;1;0,51;1,15;2;0,3;0,15;0,15;0,08;0,09;0,14;0,05;28;13;7;36;57;65;90;95;7;1
01.09.2016 02:50;182,2;0,99;0,16;96;168,8;0,89;0,1;95;216,3;0,32;0,1;95;301,6;0,46;0,09;95;294;1,45;0,07;96;282,1;2,16;0,05;96;279;2,63;0,05;97;290,2;3,56;0,06;98;291,3;4,62;0,02;96;9,6;5,52;0,85;11;0,65;0,54;1,94;1,08;0,31;0,15;0,12;0,07;0,08;0,25;26;22;8;12;37;56;69;94;96;11
01.09.2016 03:00;180,1;1,28;-0,04;96;189,3;1,12;-0,01;95;228,4;0,65;0,08;96;312,2;1,46;0,05;95;268;1,5;0,05;96;281,6;2,19;0,02;97;285,9;2,73;0,03;96;289,6;3,52;0,03;98;294,9;4,53;0,03;98;307,5;4,08;-0,02;13;0,46;0,52;0,9;0,32;0,3;0,19;0,12;0,08;0,06;0,16;34;28;17;36;38;57;70;93;98;11
01.09.2016 03:10;146,4;2,06;0,05;95;160,4;1,4;0,04;94;142,6;1,43;-0,05;96;151,2;1,04;0,07;95;235,6;1,24;0,12;96;259,9;1,66;0,02;97;279,5;2,43;-0,02;96;293,8;3,28;0,03;95;290,2;3,38;0,08;63;82,4;2,61;-0,4;0;0,22;0,33;0,4;0,58;0,34;0,27;0,16;0,1;0,16;0,34;53;35;37;26;32;43;62;82;62;0
01.09.2016 03:20;174,2;1,42;-0,01;95;154,3;1,79;-0,02;94;160,8;0,99;-0,16;95;155;0,82;-0,02;95;269,5;0,86;-0,04;95;284;1,81;-0,03;96;275,7;2,69;-0,03;97;288,5;3,26;0,04;96;293,9;3,97;0,03;95;311,9;2,42;-0,08;21;0,37;0,26;0,57;0,67;0,63;0,2;0,17;0,09;0,07;0,2;36;45;26;20;22;47;70;84;95;19
01.09.2016 03:30;175;1,38;0,08;96;159,7;1,86;0,01;96;176,3;1,44;0;95;211,2;1,01;0,1;93;229,3;0,94;0,01;94;291,5;2,22;0,06;96;278;2,36;0,05;95;289,8;3,38;0,07;98;297,3;3,91;0,05;94;301;3,42;0,07;6;0,38;0,22;0,35;0,63;0,62;0,16;0,13;0,09;0,19;1,19;35;49;36;24;23;58;61;90;88;2
01.09.2016 03:40;155,7;1,97;0,01;96;156,6;2,05;0,02;96;167,6;1,73;0,06;96;164,8;0,79;0,01;95;256,5;0,96;-0,02;94;285,6;1,05;-0,04;94;276,6;2,21;0,01;95;285,2;2,69;-0,01;95;296,3;2,83;0,04;93;4,4;4,2;-0,38;21;0,27;0,21;0,26;0,73;0,52;0,48;0,18;0,13;0,09;0,31;51;53;44;20;24;25;57;68;72;20
01.09.2016 03:50;137;2,9;-0,07;97;137,4;3,17;0,01;98;142;2,61;-0,02;97;153,3;2,03;0;95;158,1;1,89;0,05;95;183;1,69;0,1;94;217,9;1,63;0,07;97;255,3;2,08;-0,01;94;301,8;1,89;0,05;91;346,9;19,46;1,14;0;0,14;0,11;0,15;0,2;0,23;0,25;0,25;0,15;0,17;0,11;76;84;68;52;49;41;43;53;56;0
01.09.2016 04:00;149,8;3,02;-0,36;98;149,2;2,98;-0,29;98;153,7;2,59;-0,19;98;159,4;1,88;-0,07;97;189,3;1,84;0;95;191,2;1,64;0,07;96;215,3;1,81;0,02;94;259,8;2,47;-0,03;96;284,8;2,51;0,1;80;275,8;3,07;0,01;8;0,19;0,18;0,19;0,25;0,23;0,27;0,22;0,13;0,35;0,21;79;78;68;48;48;42;45;64;43;8
01.09.2016 04:10;155,7;2,48;0,06;96;154,7;2,49;-0,02;98;145,4;2,43;-0,02;98;170,3;1,9;0,02;97;181,8;2,13;0,07;96;180,5;1,32;0,06;95;198,4;1,79;0,11;96;249,3;1,68;0,04;95;268,4;2,5;0,02;95;281;2,94;0;94;0,16;0,18;0,16;0,22;0,18;0,32;0,23;0,26;0,12;0,11;64;66;65;49;56;34;47;43;64;71
01.09.2016 04:20;180,6;1,77;-0,02;96;155;2,21;-0,04;95;153,9;2,12;-0,04;97;162,9;1,93;0,09;96;215,1;1,62;0,07;96;204,2;1,54;0,06;94;233,4;1,02;0,05;94;260,1;1,66;0,03;94;285,8;2,33;0,07;97;287,1;2,61;-0,06;91;0,26;0,19;0,16;0,24;0,35;0,25;0,35;0,47;0,14;0,55;46;57;55;50;41;39;25;33;61;57
01.09.2016 04:30;178,7;1,95;0,08;96;166,3;2,43;0,03;97;165,1;1,83;0,01;96;170,2;1,51;-0,09;96;187,2;1,22;-0,02;95;274,1;1,24;-0,04;96;253,5;1,88;-0,07;96;258,2;2,26;-0,06;95;271,8;2,69;-0,1;94;273,9;2,74;-0,16;78;0,22;0,27;0,2;0,38;0,43;0,36;0,17;0,32;0,09;0,38;50;64;47;38;30;30;49;48;69;53
01.09.2016 04:40;204,9;1,45;0,06;96;183,7;1,71;0,06;96;169,8;1,51;0,06;96;194,5;1,08;0,11;96;239,7;1,34;0,03;94;262;2,35;0,02;91;268,4;1,89;0,06;96;275,8;2,45;0,04;93;279,4;2,95;0,04;84;281,2;3,58;0,09;72;0,47;0,21;0,38;0,84;0,85;0,3;0,17;0,19;0,28;0,57;37;44;38;22;23;61;49;69;66;55
01.09.2016 04:50;212,8;1,36;-0,02;95;196,7;1,18;-0,03;95;181,6;1,33;-0,12;96;176,5;1,61;0,11;95;229,2;1,21;0,02;96;259,1;1,35;0,09;95;275,7;2,06;0,06;95;263,8;2,35;0,06;95;263,1;2,84;0,07;95;286,3;2,85;0,11;90;0,53;0,47;0,59;0,57;0,4;0,35;0,13;0,14;0,2;0,31;34;30;34;37;31;36;53;60;75;73
01.09.2016 05:00;173;0,95;0,02;96;180;1,49;-0,01;96;173,6;1,73;0,05;96;177,1;2,12;0,15;93;188,7;1,6;0,05;96;211,7;1,48;0,09;94;239,7;1,82;-0,02;95;244;2,34;-0,05;97;249,5;2,06;-0,03;94;196,6;4,3;-0,12;58;0,56;0,32;0,28;0,23;0,33;0,28;0,39;0,17;0,48;0,38;24;38;45;53;41;38;48;61;55;58
01.09.2016 05:10;160,7;2,13;0,11;96;150,2;2,31;0,01;96;122,9;2,1;-0,11;96;163,7;2,24;0,02;94;170,4;1,58;0,01;96;220,1;1,75;-0,01;96;212,3;1,78;0,01;96;228,6;2,48;-0,07;98;228,3;1,45;-0,06;90;315;2,01;1,75;15;0,18;0,16;0,21;0,23;0,44;0,37;0,23;0,16;0,6;0,75;55;60;54;56;40;41;46;64;50;13
01.09.2016 05:20;157,6;2,72;-0,04;98;163,5;3,38;-0,11;98;169,3;3,14;-0,04;96;163,9;2,48;-0,18;96;147,1;2,16;-0,22;96;171,7;2,18;-0,04;96;187,3;2,52;0,03;95;212,7;2;-0,01;95;8,1;0,8;-0,78;28;345,1;20,24;-1,47;6;0,16;0,15;0,14;0,18;0,17;0,26;0,17;0,17;0,83;0,49;72;89;82;64;56;59;63;53;24;6
01.09.2016 05:30;174,5;3,21;-0,03;97;172,5;3,26;-0,03;97;170;3,11;-0,01;96;167,6;2,39;-0,02;95;172,1;2,45;0,01;95;180,4;2,2;0,07;96;209,1;2,62;-0,01;96;226,4;2,43;-0,04;96;262,7;2,37;-0,09;87;204,8;11,46;-1,71;5;0,14;0,14;0,13;0,16;0,15;0,22;0,14;0,1;0,69;0,28;83;84;81;62;64;57;67;63;50;5
01.09.2016 05:40;145,4;2,49;-0,1;96;156,2;2,66;-0,16;97;163,3;3,2;-0,19;97;160,8;3,11;-0,16;97;173,1;1,98;-0,13;96;192,1;2,41;0,04;92;207,6;2,19;-0,04;95;218,8;2,81;-0,08;96;234,4;1,46;-0,29;87;136,9;2,89;-0,1;28;0,15;0,14;0,16;0,14;0,24;0,18;0,14;0,39;0,75;0,87;64;69;83;81;51;60;56;69;58;21
01.09.2016 05:50;177,4;2,26;-0,01;96;161,9;2,63;-0,01;96;142,8;2,91;-0,05;95;171,2;2,59;0,06;96;182,8;1,97;0,04;96;194,7;2,34;0,07;95;221,6;1,88;-0,02;96;231,8;2,57;-0,05;98;235,8;3,05;-0,1;94;250,1;4,81;-0,51;57;0,19;0,16;0,14;0,14;0,24;0,17;0,18;0,1;0,13;0,68;59;68;74;67;51;61;49;68;71;47
01.09.2016 06:00;169,1;2,05;0,02;95;152,7;2,26;-0,01;96;150,7;2,33;-0,04;96;145,9;2,36;-0,02;95;184,2;2,04;0,08;96;206,4;1,97;-0,04;95;200,2;1,48;-0,02;94;243,4;2,31;-0,05;97;228,4;3,83;-0,18;88;171,9;19,33;-0,66;1;0,23;0,17;0,23;0,14;0,19;0,22;0,23;0,13;0,35;0,32;52;59;60;61;52;50;37;61;88;1
01.09.2016 06:10;195;1,63;-0,05;96;178,5;1,94;0;96;163,2;1,81;-0,01;97;170,8;1,89;0,07;96;171,8;2,13;0,01;97;160,9;1,86;0,04;96;210,6;1,72;0;95;238,7;2,34;-0,01;97;247,1;3,09;-0,1;99;264,2;1,77;-0,2;46;0,28;0,29;0,28;0,21;0,21;0,38;0,31;0,17;0,24;1,22;41;51;48;48;56;48;52;63;73;17
01.09.2016 06:20;169,1;0,85;-0,09;97;182,2;1,28;-0,06;95;196,5;1,49;-0,01;94;197,6;1,63;0,04;94;188;1,92;0,09;96;217,6;1,78;0,01;96;244,5;2,06;-0,01;96;249,8;2,24;-0,03;97;252,3;2,9;-0,04;95;254,9;3,12;-0,08;92;0,75;0,45;0,34;0,28;0,25;0,3;0,16;0,14;0,12;0,27;21;32;38;41;49;46;55;58;74;88
01.09.2016 06:30;341,7;1,12;-0,13;96;310,6;1,38;-0,1;96;307,1;1,73;0,05;96;276,7;1,26;-0,01;95;222,1;1,28;0;96;262,8;1,35;0,04;97;276,5;1,76;0,1;97;277;1,94;0,08;94;260,9;2,41;0,01;95;249,6;3,36;0,03;96;0,46;0,36;0,27;0,33;0,35;0,31;0,2;0,19;0,11;0,1;29;36;44;31;34;35;45;48;62;87
01.09.2016 06:40;356,9;1,15;-0,09;95;343,3;1,78;-0,11;95;344,3;2,16;-0,07;96;309,4;1,86;-0,01;97;308,9;2,12;-0,03;97;282,4;2,23;-0,05;97;285,1;2,63;-0,05;98;283,9;2,73;-0,04;97;277,8;3,38;0,05;97;286;3,37;0,07;97;0,35;0,27;0,22;0,22;0,18;0,24;0,14;0,21;0,1;0,12;29;46;56;48;55;61;70;68;88;88
01.09.2016 06:50;13,7;0,91;-0,13;97;329,8;0,94;-0,15;96;308,6;0,93;-0,13;97;276,6;1,19;-0,2;97;249,1;2,12;-0,18;96;257;2,83;-0,13;98;268,1;3,68;-0,13;97;280,5;3,71;-0,1;97;294,9;4,34;-0,01;97;308,5;4,75;0,05;95;0,56;0,51;0,52;0,36;0,22;0,14;0,1;0,08;0,08;0,15;24;24;24;30;55;74;96;97;97;95
01.09.2016 07:00;190,9;0,52;-0,11;97;219,6;0,38;-0,14;96;235;0,88;-0,12;96;232,9;1,96;-0,07;97;258;2,7;-0,04;98;282,8;3,1;0,02;98;296,2;3,28;0,05;99;294,7;3,92;0,01;96;297;4,43;0,07;60;285,8;3,34;-0,06;39;1,07;1,53;0,56;0,18;0,13;0,11;0,06;0,12;0,17;0,53;14;9;22;50;71;81;87;96;60;27
01.09.2016 07:10;206,2;0,44;0,36;99;265,6;0,36;0,3;97;259,9;0,67;0,25;98;280,2;1,32;0,16;97;275,3;2,82;0,14;97;282,2;3,84;0,2;99;290,1;3,94;0,18;98;291,7;4,13;0,06;96;290,3;5,1;0,02;96;292;5,05;-0,06;95;0,91;1,51;0,84;0,41;0,15;0,09;0,11;0,15;0,12;0,18;12;9;18;34;74;99;98;96;96;95
01.09.2016 07:20;316;0,41;0,07;95;258,8;0,73;0,05;96;271,8;1,39;-0,07;97;253,1;2,35;0;97;271,3;2,88;0;98;283,3;3,27;0,06;99;292,8;3,84;0,04;99;299,6;4,13;0;99;291,8;4,88;0,08;98;302,4;4,79;0,02;95;1,36;0,73;0,36;0,18;0,15;0,14;0,14;0,19;0,16;0,18;10;18;36;61;76;87;99;99;98;95
01.09.2016 07:30;273,8;1,48;-0,1;97;269,9;1,58;-0,03;96;286,1;1,71;0,01;96;284,2;2,04;-0,02;98;273,4;2,64;-0,09;97;277,5;2,93;-0,12;98;279,7;3,29;-0,14;98;284,8;4,06;-0,07;98;290,5;4,59;-0,13;96;286,1;5,36;-0,18;95;0,38;0,3;0,27;0,23;0,18;0,16;0,14;0,1;0,18;0,12;38;41;43;54;69;77;86;98;96;95
01.09.2016 07:40;277,4;1,22;-0,29;97;295,5;1,23;-0,27;98;273,9;1,18;-0,35;98;277,1;1,27;-0,44;98;270,5;1,45;-0,46;97;276,4;2,16;-0,45;97;292,8;2,39;-0,47;98;277,6;3,01;-0,48;98;270,4;3,55;-0,47;97;271,4;3,78;-0,42;98;0,51;0,43;0,43;0,4;0,35;0,23;0,22;0,17;0,13;0,11;33;32;30;33;37;56;63;79;92;98
01.09.2016 07:50;334;1,03;-0,06;98;316,8;1,01;-0,08;98;331,1;1,22;-0,09;98;320,9;1,57;-0,06;98;307,4;1,66;0;97;311,2;1,72;0,15;99;299;2,11;0,15;98;295;2,88;0,11;99;281,8;3,38;0;98;279,7;3,43;0;98;0,51;0,58;0,45;0,34;0,34;0,33;0,27;0,19;0,21;0,12;27;26;32;41;44;46;55;77;88;91
01.09.2016 08:00;319,1;1,04;0,13;98;326,8;1,78;0,18;98;329,1;1,84;0,16;98;308,7;1,99;0,21;99;288,5;2,26;0,15;99;282,1;2,52;0,1;98;288,5;2,71;0,03;98;283,9;2,39;0,06;98;281,4;3,24;-0,04;98;264,9;3,19;0;97;0,51;0,32;0,32;0,3;0,25;0,22;0,3;0,53;0,24;0,25;27;47;48;52;60;67;72;54;84;85
01.09.2016 08:10;289,7;1,68;-0,14;98;295,5;2,09;-0,09;98;292,6;2,12;-0,09;97;289,7;2,27;-0,01;97;278,6;2,1;-0,02;98;285,8;2,21;-0,04;98;266,6;2,11;0,02;98;293,8;1,76;-0,04;96;282,5;1,5;-0,13;95;281,2;1,52;-0,16;93;0,32;0,24;0,2;0,22;0,27;0,49;0,54;0,65;1,04;1,71;43;55;55;59;56;54;53;45;31;20
01.09.2016 08:20;298,6;2,59;-0,07;98;299,5;2,47;-0,03;99;303,8;2,43;-0,05;98;297;2,53;-0,05;98;298,2;2,18;0,03;98;301,8;2,39;0,06;99;299,8;2,83;0,01;99;303,5;2,48;-0,04;99;303;3,17;0,02;98;299,4;2,91;0,05;97;0,23;0,23;0,26;0,28;0,33;0,47;0,28;0,51;0,29;0,39;69;65;64;66;58;55;74;57;94;66
01.09.2016 08:30;276,9;2,44;-0,19;98;284,3;2,59;-0,2;98;281,1;2,73;-0,26;98;273;2,53;-0,35;99;284,2;2,86;-0,43;99;290,3;2,7;-0,4;98;293;2,52;-0,41;98;291;2,66;-0,35;98;281,5;2,91;-0,32;97;290,9;2,87;-0,39;95;0,24;0,22;0,21;0,22;0,21;0,25;0,27;0,28;0,39;0,57;65;68;72;66;76;71;67;67;84;53
01.09.2016 08:40;298,3;1,84;0,16;99;306,1;1,61;0,2;99;295,3;2,02;0,18;99;280,6;1,85;0,21;98;280,6;1,77;0,19;99;269,7;1,79;0,23;99;268,2;1,91;0,3;98;268,5;0,99;0,29;99;282,2;1,07;0,35;99;254,3;0,69;0,41;98;0,37;0,5;0,42;0,57;0,61;0,56;0,48;0,86;0,83;0,98;50;43;54;48;47;54;52;31;32;26
01.09.2016 08:50;311,1;3;-0,02;99;311,3;2,88;0,01;99;309,3;2,8;-0,01;99;301;2,9;0,01;98;298,9;2,42;0,04;99;291,9;2,28;0,09;99;292,8;2,77;0,1;99;300,7;2,54;0,14;98;298,3;2,49;0,15;98;309;2,76;0,12;98;0,22;0,24;0,24;0,24;0,31;0,36;0,3;0,31;0,32;0,35;80;76;74;76;65;65;74;70;74;69
01.09.2016 09:00;292,3;1,63;0,08;99;299,5;2,12;0,17;98;299,8;1,92;0,06;99;292,8;2,56;0;99;289,3;2,61;-0,06;99;286,3;2,03;-0,12;98;291,1;1,98;-0,2;98;292,8;1,64;-0,17;99;287,2;2;-0,13;97;289;2,6;-0,2;95;0,52;0,44;0,52;0,38;0,35;0,42;0,37;0,47;0,37;0,42;44;56;50;68;69;54;52;44;53;62
01.09.2016 09:10;325,3;1,57;0,04;98;335,9;1,73;0,16;98;313,1;1,28;0,12;99;321,2;1,64;0,04;99;309,9;2,03;0,13;99;298,8;1,99;0,02;99;289,2;2,06;-0,1;99;308,5;2,28;-0,18;99;316,2;1,34;-0,25;99;297,5;1,69;-0,27;96;0,55;0,51;0,73;0,67;0,53;0,55;0,51;0,42;0,62;0,5;40;44;33;43;53;51;53;60;36;64
01.09.2016 09:20;295,3;2,74;-0,16;99;293,6;2,78;-0,16;99;294,1;2,66;-0,06;99;291,8;3,17;0,02;98;292;3,05;0,03;99;290,3;3,37;-0,01;99;288,8;3,38;0;99;295,5;3,52;-0,03;98;296,3;3,55;0,05;98;300,5;3,55;0,02;96;0,33;0,32;0,33;0,26;0,25;0,26;0,21;0,21;0,21;0,31;71;72;69;82;79;91;89;91;96;85
01.09.2016 09:30;309,2;3,47;-0,1;98;304,3;3,12;-0,16;99;312,6;3,51;-0,23;99;309,6;3,44;-0,3;99;308,8;3,55;-0,31;99;307,6;3,59;-0,29;99;310,9;4,01;-0,24;99;307,8;4,05;-0,18;99;292,9;3,47;-0,11;98;289,2;3,31;-0,04;97;0,24;0,25;0,21;0,25;0,25;0,26;0,26;0,27;0,29;0,29;90;81;92;90;93;94;99;99;93;85
01.09.2016 09:40;295,6;3,06;-0,02;99;292,7;3,22;-0,09;99;288;3,08;-0,09;99;280;2,78;-0,17;99;282,9;3,27;-0,16;99;270,7;3,27;-0,25;99;273,2;2,79;-0,21;99;284,3;2,85;-0,3;98;276;2,83;-0,31;97;303,9;3,21;-0,5;97;0,26;0,26;0,29;0,37;0,3;0,29;0,33;0,39;0,34;0,56;80;84;80;72;85;85;73;69;76;75
01.09.2016 09:50;248,2;1,18;0,39;99;244,5;1,38;0,44;99;245,1;1,29;0,53;99;271,6;1,8;0,64;99;275,9;2,28;0,73;99;278,6;2,21;0,82;99;262,4;2,55;0,86;99;257;3,09;0,91;99;251,6;3,21;0,91;98;244,4;2,75;0,93;98;0,66;0,56;0,62;0,47;0,32;0,33;0,34;0,4;0,3;0,48;31;37;34;48;59;58;65;71;88;74
01.09.2016 10:00;331,2;1,7;0,33;99;330,9;1,48;0,3;99;329,8;1,49;0,31;99;331,6;1,3;0,42;99;319,1;1,39;0,45;99;319,8;0,99;0,63;99;279,5;1,45;0,59;98;301,6;1,2;0,62;99;283,9;0,49;0,8;99;315,5;0,58;0,93;97;0,52;0,64;0,75;0,84;0,81;1,16;0,82;0,89;1,61;1,62;45;39;39;34;37;26;37;33;16;18
01.09.2016 10:10;319,4;2,85;-0,14;99;317,3;2,85;-0,11;99;302;2,48;-0,02;99;294,2;2,03;0,12;99;297,9;2,8;0,2;98;289,2;3,11;0,28;97;283,4;3,47;0,44;97;279;3,3;0,58;96;290,2;3,4;0,68;96;286,9;3,56;0,73;95;0,31;0,32;0,38;0,48;0,37;0,39;0,37;0,42;0,67;0,51;74;76;66;54;73;79;86;84;66;87
01.09.2016 10:20;294,6;2,91;0;99;294,8;2,9;-0,06;98;299,4;2,74;-0,04;99;297,9;3,25;0,05;99;305,3;3,07;0,07;99;292,1;3,14;0,15;99;299,8;3,53;0,21;98;308,9;4,01;0,36;98;303,5;3,27;0,47;99;314,9;3,72;0,38;99;0,33;0,35;0,38;0,28;0,34;0,36;0,33;0,27;0,32;0,4;76;75;71;85;77;83;89;98;90;95
01.09.2016 10:30;304,7;2,63;0,29;99;309,9;2,82;0,34;99;302,4;2,75;0,39;99;297,7;2,38;0,4;99;287,8;2,72;0,57;99;290,4;2,51;0,62;99;289,7;2,45;0,66;99;284,1;2,62;0,69;99;279,5;2,88;0,68;99;276,6;3,07;0,8;98;0,4;0,34;0,38;0,46;0,41;0,44;0,49;0,49;0,43;0,48;68;74;71;62;71;66;63;76;77;88
01.09.2016 10:40;310;3,52;-0,27;99;310;3,3;-0,36;99;297,5;2,98;-0,3;99;298,3;3,18;-0,26;99;308;3,52;-0,18;99;291,4;4,14;-0,09;99;300,1;4,21;0,02;99;297,2;3,66;0,07;99;302,4;3,34;0,19;98;303,1;2,93;0,31;98;0,26;0,28;0,29;0,32;0,31;0,33;0,3;0,32;0,44;0,5;92;87;77;83;92;99;99;93;86;84
01.09.2016 10:50;307,1;4,39;-0,1;99;301,1;4,57;-0,16;98;306,1;4,06;-0,21;99;304,4;4,07;-0,16;99;299,3;4,08;-0,12;99;298,1;4,55;-0,1;98;301,4;4,73;-0,12;98;305,3;4,51;-0,1;97;300,5;4,39;-0,06;97;294,5;4,49;-0,12;95;0,19;0,2;0,24;0,21;0,2;0,17;0,16;0,17;0,21;0,31;99;98;99;99;99;98;98;97;97;95
01.09.2016 11:00;288,2;3,19;-0,07;98;278;2,79;-0,09;99;285,9;3,01;-0,06;99;281,2;3,12;-0,06;99;263,2;2,84;-0,02;99;260,9;3,58;0,05;98;258,9;3,25;0,06;98;291,2;3,6;0,05;98;279,7;3,59;0,27;97;279,2;3,44;0,39;95;0,23;0,27;0,33;0,35;0,43;0,36;0,55;0,49;0,47;0,73;83;73;77;81;75;98;77;89;94;79
01.09.2016 11:10;291,6;2,39;0,26;99;279,6;1,93;0,19;99;269,5;2,13;0,28;99;281,6;2,25;0,34;99;253,2;1,95;0,42;99;244,3;1,72;0,57;99;236,6;1,76;0,58;99;256,4;1,58;0,75;99;290,1;1,93;0,91;99;279,8;1,38;1,05;99;0,33;0,43;0,41;0,44;0,57;0,64;0,74;0,81;0,61;0,82;62;50;55;59;50;43;46;43;54;39
01.09.2016 11:20;321,7;3,03;0,17;99;303,9;3,03;0,12;99;311,6;2,93;0;99;303,7;2,51;-0,26;99;308,2;3,32;-0,27;99;302,6;3,7;-0,36;99;299,2;2,79;-0,4;99;302,5;3,14;-0,38;99;304,9;3,21;-0,3;98;307,4;2,97;-0,28;98;0,3;0,28;0,28;0,35;0,28;0,26;0,36;0,37;0,37;0,43;79;79;76;65;87;97;72;81;81;73
01.09.2016 11:30;329,2;2,7;-0,03;99;323,1;2,15;0,02;99;321,9;2,14;0,03;98;323,3;2,47;0,07;99;316,8;2,91;0,15;99;317;2,86;0,17;99;312;2,94;0,26;99;304,4;3,22;0,34;99;300,7;3,57;0,41;99;320,2;3,55;0,34;98;0,33;0,41;0,44;0,4;0,36;0,37;0,37;0,37;0,34;0,35;70;56;55;64;76;75;76;86;91;92
01.09.2016 11:40;291,8;3,11;-0,01;99;295,6;3,4;-0,05;99;293,7;3,29;0,04;99;281,9;2,91;0,19;99;282,7;2,9;0,28;99;278,4;3,33;0,34;99;272;3,31;0,39;99;258,6;3,13;0,43;99;257,4;3,27;0,38;99;248;3,11;0,35;97;0,32;0,31;0,32;0,44;0,5;0,43;0,46;0,63;0,61;0,86;81;89;86;76;73;92;97;78;76;68
01.09.2016 11:50;300,7;4,43;0,17;99;298,5;4,56;0,14;99;295,7;4,32;0,13;99;293,5;4,74;0,2;99;300,9;4,8;0,24;99;298,8;4,91;0,26;99;293,1;5,04;0,27;99;297,7;4,55;0,27;99;297;4,7;0,21;99;303,2;4,48;0,21;99;0,22;0,19;0,21;0,18;0,21;0,22;0,21;0,25;0,27;0,33;99;99;99;99;99;99;99;99;99;99
01.09.2016 12:00;317,2;5;-0,26;98;310,7;4,75;-0,22;99;314,1;5,14;-0,24;99;308,6;5,38;-0,12;99;303,5;5,4;-0,1;99;306;5,3;-0,1;99;303,4;5,46;-0,09;98;306,7;5,12;-0,12;98;304;5,25;0,01;96;310,8;4,8;-0,05;92;0,18;0,19;0,18;0,19;0,18;0,19;0,2;0,18;0,2;0,48;98;99;99;99;99;99;98;98;96;92
01.09.2016 12:10;311,2;4,06;0,11;99;312,9;3,9;0,03;99;313,4;4,06;0,03;99;306,1;4,03;-0,1;99;312,9;4,38;-0,15;99;312;4,56;-0,19;99;308,9;4,62;-0,19;98;306,6;4,77;-0,14;98;304,1;4,45;-0,09;96;283,7;4,54;-0,09;94;0,24;0,26;0,25;0,27;0,25;0,23;0,26;0,3;0,54;0,57;99;99;99;99;99;99;98;98;89;94
01.09.2016 12:20;309,9;3,68;0,11;99;306,5;3,76;0,06;99;305,6;3,95;0;99;297,8;3,33;0,07;99;304,4;4,49;0,23;99;301,7;4,22;0,34;99;296,8;4,59;0,47;99;298,2;4,03;0,57;99;299,6;4,73;0,61;98;299;5,46;0,63;97;0,22;0,23;0,23;0,33;0,22;0,24;0,23;0,29;0,24;0,25;96;98;99;87;99;99;99;99;98;97
01.09.2016 12:30;304,5;5,96;0,08;99;306;6,17;-0,01;99;304,6;6,12;-0,02;99;310,2;5,94;-0,02;99;305,9;5,7;-0,03;99;315,6;5,94;-0,01;99;314,7;5,63;-0,04;99;318,9;5,45;-0,06;98;321,4;6,11;-0,01;97;321,5;6,44;0,14;94;0,16;0,15;0,17;0,17;0,19;0,19;0,19;0,21;0,19;0,23;99;99;99;99;99;99;99;98;97;94
01.09.2016 12:40;297,6;4,92;-0,08;99;294,3;4,4;-0,05;99;283,2;4,74;0,04;98;291,8;4,83;0,15;99;291,9;4,91;0,17;99;296,7;5,3;0,15;99;296;5,05;0,05;99;295,3;5,81;0,05;98;300;5,61;0,05;98;308,6;5,93;-0,03;97;0,17;0,2;0,19;0,21;0,18;0,18;0,24;0,17;0,19;0,26;99;99;98;99;99;99;99;98;98;97
01.09.2016 12:50;302,4;5,18;0,02;99;303,1;5,14;0,07;99;304,7;5,29;0,16;99;300,1;5,36;0,38;99;304,1;5,41;0,44;99;300,9;5,37;0,63;99;297,8;5,38;0,7;99;297,2;5,74;0,84;99;293,1;5,52;0,93;98;292,8;4,96;1,13;97;0,18;0,18;0,18;0,19;0,19;0,2;0,22;0,21;0,25;0,28;99;99;99;99;99;99;99;99;98;97
01.09.2016 13:00;340,8;6,67;0,03;99;337,4;6,79;0;98;340,3;6,64;-0,06;99;342,4;6,75;-0,1;99;339,4;6,73;-0,07;99;338;6,79;-0,15;98;338,5;6,96;-0,17;98;341,6;6,75;-0,07;97;339,5;5,91;-0,08;93;334;6,86;-0,08;90;0,11;0,11;0,1;0,09;0,15;0,25;0,21;0,31;0,34;0,49;99;98;99;99;99;98;98;97;93;90
01.09.2016 13:10;321,5;5,93;0,38;99;323,9;6,06;0,35;99;324,7;6,3;0,43;99;324,5;6,9;0,57;99;324,6;6,62;0,68;99;324,3;6,29;0,86;99;322,5;6,51;0,96;98;320,3;6,85;0,96;97;318,6;7,22;0,92;97;321;6,62;0,83;97;0,15;0,16;0,15;0,15;0,14;0,19;0,2;0,24;0,24;0,4;99;99;99;99;99;99;98;97;97;97
01.09.2016 13:20;311,3;5,04;0,01;99;313,6;5,19;0,02;99;315,3;5,47;-0,03;99;314,1;5,52;-0,08;99;314;5,68;-0,14;98;312,7;4,94;-0,19;99;313,1;5,3;-0,11;98;313,1;5,53;-0,03;97;305,6;4,93;0,05;97;312,2;5,84;0,22;95;0,16;0,16;0,15;0,15;0,15;0,23;0,23;0,2;0,25;0,21;99;99;99;99;98;99;98;97;97;95
01.09.2016 13:30;317,7;4,64;0,15;99;317;4,68;0,18;99;315;4,63;0,11;99;308,7;4,47;0,08;99;307,1;4,88;-0,01;99;308,1;4,6;0,04;99;311,9;4,15;-0,01;98;309,6;4,03;0,13;96;311,8;4,03;0,06;96;314,3;4,03;0,04;95;0,2;0,22;0,22;0,22;0,2;0,23;0,28;0,3;0,52;0,36;99;99;99;99;99;99;98;96;86;95
01.09.2016 13:40;325,9;4,54;0,05;99;323,7;4,59;0,01;99;325,7;4,58;0,05;99;326,1;4,56;0,01;99;327,7;4,52;0,04;99;330,2;4,96;0;99;333,4;5,03;0,05;98;333;4,91;0,16;98;324,8;4,08;0,1;97;327,7;5,03;0,36;96;0,22;0,23;0,22;0,23;0,34;0,24;0,33;0,34;0,64;0,54;99;99;99;99;99;99;98;98;88;96
01.09.2016 13:50;344,4;4,69;-0,01;99;343,4;5,16;-0,11;99;348,7;4,7;-0,02;99;351,6;5,17;-0,06;99;346,2;5,55;-0,07;99;339;5,49;-0,06;99;340,4;5,35;-0,05;99;342,3;5,63;-0,06;99;345,2;5,81;0,08;98;347,5;5,52;0,16;97;0,19;0,18;0,2;0,17;0,15;0,18;0,2;0,21;0,24;0,23;99;99;99;99;99;99;99;99;98;97
01.09.2016 14:00;352,3;3,95;0,03;99;358,9;4,16;-0,06;98;0,8;4,72;-0,06;99;353;4,43;0,02;99;350,4;4,96;0,05;99;350,9;5,51;0,05;99;349,3;5,54;-0,01;99;353,3;5,42;-0,02;99;354,6;5,72;0,05;98;351,3;5,28;0,11;97;0,21;0,18;0,16;0,18;0,17;0,16;0,16;0,19;0,19;0,26;99;98;99;99;99;99;99;99;98;97
01.09.2016 14:10;321,6;4,96;-0,03;99;321,6;4,85;-0,01;99;318,2;5,14;0,01;99;325,1;5,23;0,09;99;324,7;5,16;0,07;99;319,9;4,7;0,07;98;323,2;4,63;0,12;98;321,3;4,93;0,33;98;329,5;4,7;0,39;98;329,3;4,44;0,45;97;0,19;0,18;0,16;0,17;0,24;0,26;0,25;0,3;0,3;0,43;99;99;99;99;99;98;98;98;98;97
01.09.2016 14:20;327,3;5,47;0,01;99;325,9;5,83;0,04;99;323,2;6,02;0,11;99;328,5;5,56;0,05;99;322,4;5,63;0,06;99;323,9;5,86;0;99;332,8;5,58;0,11;98;328,9;5,8;0,1;98;327,7;6,64;0,14;96;320,4;6,41;0,15;94;0,17;0,16;0,15;0,15;0,17;0,2;0,17;0,18;0,33;0,29;99;99;99;99;99;99;98;98;96;94
01.09.2016 14:30;318,2;5,13;-0,01;99;320,7;5,55;-0,01;99;318,9;5,1;0,02;99;320,5;5,79;-0,03;99;317,4;6,08;-0,03;99;316;5,62;-0,03;98;313,9;5,86;-0,04;97;320,8;6,33;-0,05;95;311,5;5,97;0,05;93;314,8;5,39;0,13;91;0,14;0,14;0,17;0,14;0,13;0,13;0,17;0,2;0,31;1,4;99;99;99;99;99;98;97;95;93;51
01.09.2016 14:40;337,9;4,63;-0,01;99;344;5,01;0,02;98;340,6;5,01;0,08;99;338,8;5,1;0,1;99;330,5;5,42;0,14;99;332,3;5,64;0,19;99;337,3;5,04;0,17;99;335;5,95;0,2;98;334;5,44;0,31;98;340;5,71;0,35;97;0,15;0,15;0,14;0,15;0,14;0,13;0,16;0,17;0,19;0,21;99;98;99;99;99;99;99;98;98;97
01.09.2016 14:50;318,4;4,81;0,24;99;316,9;5,07;0,27;99;319,8;4,98;0,43;99;322,6;4,99;0,41;99;318,4;5,13;0,44;99;321,7;5,4;0,5;99;320,7;5,33;0,52;99;323,3;5,8;0,51;99;320,6;6,22;0,64;98;323,6;5,46;0,75;97;0,16;0,16;0,17;0,18;0,2;0,19;0,2;0,23;0,19;0,28;99;99;99;99;99;99;99;99;98;97
01.09.2016 15:00;315,3;5,02;-0,03;99;311,3;4,78;0,06;99;312,8;4,58;0,07;99;311,8;5,07;0,05;99;315,8;4,8;0,13;99;311;5,06;0,15;99;312,3;5,47;0,17;99;309,7;5,71;0,24;98;309,7;5,84;0,26;97;302,7;5,67;0,26;96;0,16;0,18;0,17;0,22;0,23;0,2;0,15;0,3;0,22;0,33;99;99;99;99;99;99;99;98;97;96
01.09.2016 15:10;306,4;4,25;0,09;98;305,5;4,73;0,1;99;305,1;4,91;0,11;99;305,6;4,85;0;99;313,5;5,08;0,02;99;311,1;4,69;0,04;98;309,5;5,28;-0,01;96;307,1;4,93;0,05;94;301,5;5,18;0,1;92;319,7;4,91;-0,02;87;0,16;0,15;0,13;0,15;0,13;0,2;0,21;0,33;0,29;0,4;98;99;99;99;99;98;96;94;92;87
01.09.2016 15:20;297,6;5,04;0,06;99;298,1;5,65;0,11;98;300;5,39;0,18;99;298,8;5,7;0,18;98;299,5;5,21;0,28;97;293,6;5,08;0,21;96;299;4,73;0,15;94;313,3;4,44;0,06;93;312;4,38;0,02;92;357,7;4,3;-0,34;80;0,12;0,12;0,11;0,15;0,28;0,27;0,45;0,53;0,65;1,29;99;98;99;98;97;96;94;93;92;54
01.09.2016 15:30;301;4,51;0,07;98;306;4,72;0,06;99;300,2;5;0,1;99;303,3;4,84;0,11;98;299,4;5,23;0,08;97;301;4,75;0,03;96;307,6;4,85;-0,06;94;309,4;4,98;-0,13;89;314,5;4,23;-0,11;64;301,2;6,6;-0,22;57;0,14;0,13;0,12;0,12;0,23;0,33;0,39;0,43;0,69;0,55;98;99;99;98;97;96;94;89;64;57
01.09.2016 15:40;310,5;4,89;0,04;98;313,9;5,15;0,06;99;314,5;5,29;0,07;98;314,9;5,6;0,09;97;309,9;4,99;0,02;95;325,1;5,18;-0,09;94;314,8;5,03;-0,25;90;337,4;4,76;-0,39;89;341,6;2,53;-0,71;80;327,3;2,83;-0,64;60;0,12;0,11;0,15;0,1;0,3;0,26;0,57;0,5;1,5;1,56;98;99;98;97;95;94;90;89;57;37
01.09.2016 15:50;300,3;4,89;0;99;300,6;5,09;-0,09;99;304,4;5,19;-0,14;99;300,2;5,58;-0,17;98;300,8;5,54;-0,1;97;303,1;4,98;-0,09;95;297,9;5,26;-0,16;92;295,2;4,43;-0,05;89;336;1,89;-0,39;71;69,7;1,39;-1,39;46;0,16;0,11;0,14;0,11;0,18;0,27;0,32;0,81;2,06;0,57;99;99;99;98;97;95;92;76;29;46
01.09.2016 16:00;305,7;4;0,08;98;305,5;4,24;0,05;99;309,2;4,52;0,08;98;306,8;4,33;0,06;98;318,2;4,43;0,02;97;314,8;4,28;0,05;96;312,5;4,95;0,09;92;325,3;5,26;0,02;90;331,7;3,37;-0,16;76;4,9;6,3;-0,41;65;0,12;0,12;0,11;0,13;0,22;0,28;0,36;0,45;0,7;0,4;98;99;98;98;97;96;92;90;76;65
01.09.2016 16:10;319,5;4,67;-0,02;99;314,2;4,74;-0,05;99;319,9;4,7;-0,07;99;318,6;4,82;-0,06;98;311;4,29;-0,15;96;321,5;4,97;-0,21;96;326,1;4,35;-0,27;96;337,9;4,09;-0,34;94;320,9;4,27;-0,24;92;0,2;4,81;-0,46;92;0,15;0,17;0,24;0,18;0,25;0,29;0,45;0,56;0,59;0,38;99;99;99;98;96;96;95;89;92;92
01.09.2016 16:20;324,9;5,58;-0,06;98;325,1;4,95;-0,05;98;324,2;5,26;-0,08;97;328,5;5,24;-0,12;97;329,8;5,38;-0,19;96;320,9;4,48;-0,19;94;327,8;5,64;-0,23;92;320,5;5,95;-0,22;90;335,8;5,45;-0,28;70;356,7;6,07;-0,58;46;0,1;0,16;0,1;0,16;0,21;0,41;0,36;0,42;0,79;0,62;98;98;97;97;96;93;92;90;63;46
01.09.2016 16:30;325,1;4,91;0,11;99;322,2;5,26;0,15;98;321,6;5;0,24;98;320,2;5,08;0,19;97;315,4;5,08;0,23;97;314,8;5,03;0,2;95;313,4;6,46;0,19;93;315,5;5,19;0,25;91;320,8;4,95;0,03;86;310,5;3,39;-0,05;69;0,12;0,1;0,11;0,22;0,3;0,43;0,39;0,55;0,64;0,87;99;98;98;97;97;95;93;91;86;69
01.09.2016 16:40;318,2;4,11;0,15;98;317,5;4,01;0,09;98;317,8;4,27;0,1;99;318,9;4,62;0,12;98;320;4,69;0,14;98;316,7;4,77;0,13;97;314,5;4,58;0,12;96;319,8;4,74;0,05;92;310;4,68;0,01;91;313,1;4,64;-0,21;89;0,14;0,14;0,13;0,13;0,13;0,15;0,28;0,52;0,4;0,85;98;98;99;98;98;97;96;92;91;79
01.09.2016 16:50;335,2;3,23;0,21;99;333,4;3,57;0,24;99;333,3;3,41;0,26;99;329,5;4,01;0,22;98;330,4;3,95;0,22;96;334,8;4,29;0,21;94;334,4;3,42;0,02;90;9,5;7;-0,34;84;351;5,7;-1,02;59;253;5,63;-2,21;53;0,18;0,17;0,18;0,17;0,32;0,39;0,6;0,34;0,75;3,89;84;93;89;98;96;94;90;84;59;16
01.09.2016 17:00;318,2;3,29;0,2;98;313,4;3,56;0,24;99;319,1;3,78;0,26;98;311,2;4,06;0,3;97;312,6;4,85;0,19;94;299,9;4,63;0,28;89;299,4;7,38;0,09;71;275,5;5,27;-0,42;42;253,2;7;-0,83;15;170,8;12,11;-2,88;5;0,15;0,17;0,13;0,34;0,25;0,38;0,56;0,98;1,15;3,63;85;98;97;97;94;85;71;42;15;2
01.09.2016 17:10;301,6;3,77;-0,06;99;303,7;3,9;-0,03;98;307,4;4,23;0,04;99;302,3;4,72;0,16;99;301,3;4,35;0,24;98;299,3;4,51;0,27;97;302,2;4,1;0,31;95;314,8;3,87;0,35;92;301,2;4,75;0,35;88;311,6;3,57;0,22;59;0,14;0,14;0,13;0,1;0,12;0,27;0,28;0,27;0,27;0,89;99;98;99;99;98;97;95;92;88;41
01.09.2016 17:20;293,7;3,33;-0,05;99;292,7;3,67;-0,03;97;292,5;3,49;0,01;98;293,4;3,45;0;96;300,5;3,63;0,07;94;311,8;3,58;-0,12;91;312;3,25;0,02;90;309,4;5,3;-0,35;72;16,8;3,09;-1,08;74;312,1;1,86;-0,77;71;0,15;0,14;0,21;0,54;0,59;1,45;0,56;1,14;0,77;0,93;87;92;87;78;79;42;90;65;74;71
01.09.2016 17:30;320,4;3,38;0,07;99;310,3;3,74;0,18;97;314,2;3,77;0,17;98;316,8;4,12;0,22;96;314,1;4,56;0,3;92;328;4,19;0,12;83;331,1;4,47;0,1;66;10,8;6,1;-0,33;33;45,9;15,93;-2,77;18;99,7;6,86;-2,72;13;0,23;0,13;0,16;0,29;0,18;0,5;0,44;0,76;0,36;0,38;89;96;98;94;92;83;66;33;18;13
01.09.2016 17:40;310,5;4,72;0,18;99;310,7;4,83;0,19;98;313,4;4,92;0,18;99;312,2;5,01;0,22;98;308,9;5,17;0,26;95;311,7;5,2;0,19;92;311,8;5,08;0,08;82;355,2;4,57;-0,36;47;48,6;14,15;-2,45;13;31,3;12,19;-3;11;0,08;0,08;0,09;0,08;0,21;0,32;0,51;0,88;0,65;0,43;99;98;99;98;95;92;82;47;13;11
01.09.2016 17:50;303,3;4,76;0,08;99;306,8;5,05;0,14;99;306,6;5,06;0,14;99;307,8;5,47;0,15;97;310,8;5,38;0,11;95;340,1;5,57;-0,36;88;20,3;10,56;-1,48;63;7,9;13,46;-3,44;36;89,1;1,58;-5,44;23;280,6;5,49;-6,46;24;0,07;0,06;0,06;0,09;0,26;0,42;0,3;0,39;0,71;2,1;99;99;99;97;95;88;63;36;23;12
01.09.2016 18:00;303,6;4,11;0,1;99;304,9;4,52;0,08;99;304,2;4,57;0,08;99;305,2;5,06;0,05;98;306,1;5,48;0,08;96;307,4;6,01;0,06;89;310,6;6,22;-0,07;52;330,6;8,51;-2,03;20;13,7;14,53;-5,18;3;10,4;2,23;-5,92;5;0,08;0,07;0,07;0,14;0,18;0,27;0,54;0,38;0,62;1,52;99;99;99;98;96;89;52;20;3;3
01.09.2016 18:10;304,9;4,27;0,13;99;308,5;4,49;0,13;100;303,6;4,73;0,13;99;303,9;5,2;0,11;99;302;5,52;0,11;96;300,4;6,89;-0,19;90;320,3;6,27;-0,39;52;303,8;17,22;-1,77;33;359,2;22,54;-3,91;12;86,9;4,87;-6,59;3;0,08;0,07;0,06;0,06;0,31;0,42;0,55;0,47;0,21;0,65;99;100;99;99;96;90;52;33;12;3
01.09.2016 18:20;308,3;4,86;0,2;99;308,7;5,16;0,25;99;310,8;5,23;0,31;100;310,9;5,47;0,37;97;307,4;7,02;0,63;91;312,2;8,85;0,7;58;309,1;8,3;0,86;55;316,3;7,26;0,74;48;324,5;5,75;0,77;46;341,9;6,55;0,79;30;0,1;0,09;0,11;0,19;0,2;0,3;0,25;0,33;0,33;0,34;99;99;100;97;91;58;55;48;46;30
01.09.2016 18:30;322,3;6,98;-0,02;99;327;7,42;0,09;98;327,7;7,97;0,07;99;325,1;8,51;0,12;98;327,5;8,86;0,11;99;329,1;8,74;0,08;97;327,2;9,29;0,03;95;329,1;8,89;0,1;91;324,1;7,4;-0,12;89;346,2;7,81;-0,19;69;0,1;0,09;0,08;0,06;0,05;0,09;0,13;0,08;0,25;0,28;99;98;99;98;99;97;95;91;89;69
01.09.2016 18:40;327,1;5,78;0,19;98;329;6,56;0,15;99;327,9;6,81;0,17;99;328,9;7,57;0,18;99;328,6;7,47;0,22;99;327,5;7,9;0,25;99;328,9;8,26;0,24;98;329,2;8,27;0,29;97;326,6;8,36;0,28;94;325,8;8,18;0,26;93;0,11;0,09;0,08;0,07;0,06;0,06;0,08;0,06;0,12;0,16;98;99;99;99;99;99;98;97;94;93
01.09.2016 18:50;322,6;4,59;0,14;98;326,9;4,92;0,16;99;326;5,24;0,22;98;325;5,76;0,28;99;325,3;6,04;0,29;98;324,9;6,17;0,25;99;325,6;6,35;0,27;98;320,1;6,8;0,24;99;321,8;6,95;0,23;98;322,7;6,73;0,23;97;0,1;0,09;0,08;0,08;0,07;0,06;0,06;0,06;0,05;0,06;98;99;98;99;98;99;98;99;98;97
01.09.2016 19:00;324,8;4,66;0,07;99;322,2;5,28;0,11;99;322,4;5,61;0,1;99;324;5,91;0,12;99;325,4;6,32;0,12;98;326,9;6,42;0,18;99;323,6;6,67;0,15;98;325,9;7,25;0,1;99;324,6;7,17;0,1;98;324,5;7,88;0,13;97;0,1;0,09;0,09;0,09;0,09;0,08;0,07;0,06;0,07;0,09;99;99;99;99;98;99;98;99;98;97
01.09.2016 19:10;322,1;4,4;0;99;316,4;4,72;0,04;99;322,6;5,13;0,03;98;320,2;5,54;0,11;98;317,3;6,12;0,15;99;322,7;6,01;0,08;99;320,9;6,07;0,04;99;319,9;6,4;0,07;98;322,4;6,5;0;96;324,1;6,85;-0,01;94;0,11;0,1;0,09;0,08;0,07;0,06;0,06;0,07;0,08;0,06;99;99;98;98;99;99;99;98;96;94
01.09.2016 19:20;328,2;3,68;0;98;327,4;4,13;0,1;97;327,5;4,34;0,06;97;325,7;4,69;0,12;97;325,6;4,83;0,07;97;326;5,22;0,09;97;328,3;5,41;0,07;98;323,8;5,62;0,04;98;326,8;6,11;0,08;96;322,5;6,08;0,06;95;0,11;0,09;0,1;0,08;0,08;0,09;0,07;0,13;0,07;0,07;97;97;97;97;97;97;98;98;96;95
01.09.2016 19:30;319,3;3,6;0,09;97;319;3,98;0,05;97;319,6;4,29;0,09;98;333,4;4,56;0,04;98;325,5;4,52;0,12;97;331,5;4,83;0,06;98;321,6;4,9;0,07;98;323;5,32;0,12;95;326,1;5,46;0,06;94;331;5,33;0;90;0,13;0,12;0,09;0,14;0,07;0,11;0,12;0,11;0,09;0,16;94;97;98;98;97;98;98;95;94;90
01.09.2016 19:40;313,3;4,21;0,1;98;319,4;4,56;0,13;99;318;4,37;0,11;98;323,7;4,59;0,13;97;320,9;4,74;0,16;98;320;5,04;0,17;96;322;5;0,19;96;319,9;5,72;0,18;94;319,1;5,75;0,13;91;326;5,44;-0,07;87;0,09;0,09;0,09;0,07;0,07;0,07;0,07;0,1;0,08;0,12;98;99;98;97;98;96;96;94;91;87
01.09.2016 19:50;311,4;4,18;0,09;99;313,1;4,17;0,1;98;315,1;4,53;0,12;97;315,8;5,28;0,1;98;323;4,74;0,05;98;320,7;5,01;0,1;97;317,4;5,14;0,11;96;319,5;5,04;0,07;94;316,2;5,48;0,04;91;305,7;4,44;-0,06;90;0,08;0,08;0,09;0,1;0,12;0,1;0,09;0,07;0,13;0,16;99;98;97;98;98;97;96;94;91;90
01.09.2016 20:00;309,1;4,22;0,06;98;309,7;4,11;0,09;98;308,8;4,18;0,08;99;313;4,38;0,16;99;315,3;4,32;0,18;99;315;4,8;0,16;98;313,4;4,83;0,14;98;313,3;5,03;0,16;96;319,6;5,01;0,1;96;325,2;5,42;0,08;96;0,1;0,09;0,08;0,08;0,07;0,07;0,07;0,07;0,08;0,09;98;98;99;99;99;98;98;96;96;96
01.09.2016 20:10;308,3;4,37;0,02;99;308,8;4,55;0,07;99;307,6;4,83;0,1;98;312,9;5,1;0,16;99;318,4;5;0,11;98;318,5;5,21;0,18;98;323,3;5,1;0,12;98;324,2;5,13;0,16;98;326,4;5,17;0,14;98;330,4;5,54;0,12;97;0,1;0,07;0,07;0,07;0,06;0,06;0,08;0,08;0,09;0,08;99;99;98;99;98;98;98;98;98;97
01.09.2016 20:20;307;4,3;0,12;98;311,4;4,5;0,13;99;315,6;4,74;0,14;99;314,9;4,98;0,14;99;323,9;5,11;0,06;99;323,7;5,01;0,06;99;323,1;5,09;0,09;99;323,6;5,33;0,09;99;322,1;5,79;0,03;97;323,1;5,64;0,04;96;0,1;0,08;0,08;0,08;0,13;0,1;0,11;0,1;0,11;0,11;98;99;99;99;99;99;99;99;97;96
01.09.2016 20:30;311,8;3,84;0,11;99;311,4;4,38;0,09;99;311,1;4,48;0,12;98;313,9;4,78;0,12;98;315,3;4,85;0,08;98;318,5;5,04;0,07;99;315;5,08;0,12;99;317,6;5,21;0,07;98;320,7;5,18;0,05;96;320,4;5,2;0;95;0,08;0,08;0,08;0,07;0,07;0,08;0,07;0,08;0,08;0,08;99;99;98;98;98;99;99;98;96;95
01.09.2016 20:40;305,3;3,53;0,09;99;307,6;3,55;0,1;99;311,6;3,85;0,16;99;311,1;3,97;0,17;99;318,6;3,97;0,14;98;321,1;3,99;0,1;97;323,9;4,03;0,07;98;327,8;4,09;0,11;96;334;4,37;0,08;97;337,8;4,17;0,07;96;0,1;0,1;0,09;0,09;0,11;0,09;0,09;0,09;0,1;0,11;94;95;99;99;98;97;98;96;97;96
01.09.2016 20:50;287,1;3,24;0,01;99;298,8;3,33;0,05;97;302;3,46;0,06;99;312,9;3,33;0,06;98;311,4;3,4;0,07;97;322,3;3,45;0,05;97;320,7;3,7;0,07;97;330,2;3,74;0,05;96;338;4;0,01;96;341,3;4,15;-0,02;96;0,13;0,08;0,09;0,08;0,08;0,09;0,08;0,09;0,09;0,09;86;87;92;88;89;90;96;96;96;96
01.09.2016 21:00;288,6;3,69;-0,01;98;290,9;3,6;0,05;98;300,2;3,53;0,09;100;302;3,66;0,09;99;311,2;3,3;0,07;99;315,3;3,53;0,16;98;322,1;3,82;0,17;98;334,4;3,68;0,14;97;336,3;3,98;0,09;96;335,9;4,07;0,12;97;0,09;0,08;0,07;0,06;0,09;0,08;0,07;0,08;0,13;0,11;97;95;95;97;88;93;98;96;96;97
01.09.2016 21:10;296,8;3,48;0,03;98;298,5;3,85;0,05;98;296,1;3,88;0,06;99;299,1;3,62;0,12;99;303,8;3,21;0,1;99;309,2;3,43;0,14;98;329;3,02;0,11;98;331;3,5;0,13;97;336,9;3,53;0,16;96;348,5;4,1;0,04;93;0,11;0,09;0,09;0,06;0,07;0,08;0,14;0,09;0,07;0,11;92;98;99;97;85;90;79;92;91;93
01.09.2016 21:20;299,5;2,3;0,07;99;310,4;2,33;0,07;99;300,4;3,41;0,09;99;303,3;3,52;0,19;99;311,7;3,44;0,17;98;321,7;3,4;0,12;98;328,7;3,32;0,15;96;336,4;3,38;0,12;96;343,6;3,65;0,07;94;345,3;3,56;0,03;93;0,18;0,21;0,12;0,15;0,07;0,1;0,11;0,11;0,08;0,12;61;62;91;94;91;90;85;87;93;89
01.09.2016 21:30;289,1;1,97;0,11;97;286,6;2,25;0,11;98;298,7;2,53;0,04;99;299,6;3,31;0,02;99;302,6;3,41;0,05;98;318,8;2,86;0;96;322,3;2,97;0,01;96;340,5;3,21;-0,04;94;340,8;3,29;0,02;91;333,4;3,33;0,06;91;0,23;0,2;0,19;0,14;0,11;0,14;0,11;0,08;0,19;0,08;51;60;67;88;90;74;77;83;74;80
01.09.2016 21:40;294,1;1,25;0,13;98;296,5;1,97;0,09;97;304,8;1,97;0,07;98;303,6;2,61;0,07;98;311,7;2,7;0,05;98;316,8;2,71;0,08;97;352,1;2,61;-0,09;94;326,8;2,98;0,01;92;327,2;3,25;0,06;64;344;3,39;0,02;45;0,36;0,21;0,21;0,19;0,18;0,13;0,19;0,27;0,19;0,18;32;51;52;69;72;72;66;68;59;45
01.09.2016 21:50;303,2;1,65;0,06;97;295,4;1,73;-0,02;96;295,1;1,99;0,05;97;316,3;2,5;0,1;98;321,1;2,8;0,05;97;323;2,77;0,1;94;340,8;2,49;0,01;91;326,5;2,5;0,02;66;315,7;2,68;0,02;67;300;2,15;-0,14;56;0,28;0,33;0,29;0,14;0,13;0,24;0,29;0,1;0,11;0,43;43;45;51;66;72;70;71;48;50;43
01.09.2016 22:00;316,6;1,1;0,06;96;337,5;1,36;0,01;95;305,9;1,71;0,01;96;314,2;2,07;0;96;326,9;2,41;-0,03;97;321,6;2,64;0;92;325,4;2,59;0,04;76;305,5;2,41;-0,03;73;292,3;2,63;-0,04;68;322;2,17;-0,09;90;0,53;0,33;0,26;0,2;0,2;0,3;0,18;0,14;0,16;0,28;28;34;44;53;63;63;57;50;46;52
01.09.2016 22:10;266,1;0,79;0,01;95;319,9;1,42;0,11;95;329,3;1,29;0,12;96;294,3;1,57;0,15;95;306,7;1,87;0,2;96;310,3;2,21;0,09;96;310,8;1,84;0,08;96;301,6;2,23;0,09;97;302,4;2,26;0,1;97;297,4;2,55;0,09;96;0,85;0,49;0,45;0,25;0,23;0,23;0,18;0,13;0,17;0,09;20;36;33;40;48;57;46;58;56;65
01.09.2016 22:20;72,9;1,14;0;94;287,8;0,56;0,04;95;39,6;0,22;0,1;94;282,6;0,82;-0,02;95;307;1,21;0,05;95;324,4;1,43;0,04;95;308,3;1,79;0;95;299;1,95;0,03;94;293,2;1,91;0,05;92;295,3;2,15;0,02;96;0,51;1,17;4,01;0,58;0,37;0,27;0,18;0,16;0,16;0,14;30;14;3;21;30;36;45;50;45;56
01.09.2016 22:30;141,8;0,89;0,03;94;149,5;1,65;0,04;91;160,8;0,68;0,04;95;1,7;0,19;0,06;93;294;0,76;-0,03;91;305;1,08;0,04;94;294;1,55;0,05;94;285,7;1,54;0,01;87;275,3;1,7;0,02;90;287;1,97;0,05;91;0,63;0,37;1,05;9,68;1,07;0,46;0,26;0,42;0,24;0,31;22;40;16;1;15;29;38;44;49;42
01.09.2016 22:40;147;1,48;-0,01;96;134,6;1,48;0,03;96;143,2;0,61;0;94;165,7;1,21;-0,01;94;266,6;0,18;0,07;81;288;0,98;0,09;92;288,1;1,73;0,06;89;294,6;2,26;0;55;289,6;1,79;0,08;92;289,6;2,23;0,03;94;0,38;0,37;1;0,4;1,33;0,39;0,17;0,15;0,16;0,12;38;39;15;30;6;26;41;32;44;57
01.09.2016 22:50;142,1;1,83;-0,06;97;132,8;1,61;0;95;140,9;1,59;-0,01;96;160,7;1,32;0,08;94;157,9;0,92;0,03;94;231,8;0,51;0,09;94;254,4;1,26;-0,06;88;265;2,11;-0,1;83;269;1,33;0,02;92;283,8;2,05;0,06;91;0,25;0,29;0,33;0,33;0,52;0,7;1,2;0,37;0,27;0,37;48;41;41;34;24;14;13;46;32;38
01.09.2016 23:00;159,9;1,94;-0,15;97;157,3;2,29;-0,08;96;166;1,51;-0,01;97;183,3;1,78;0;96;156;1,35;0,05;95;187,4;1,34;0,09;94;214,2;1,21;0,01;95;249,6;1,86;-0,02;93;259,2;1,99;-0,03;76;294,4;1,87;0,05;89;0,24;0,21;0,38;0,29;0,31;0,31;0,29;0,18;0,28;0,17;50;59;39;46;34;34;29;45;47;44
01.09.2016 23:10;163,5;2,21;-0,07;97;163;2,55;-0,05;95;153,1;2,38;-0,01;96;154,2;2,04;-0,03;95;165,6;1,65;0,05;95;177,9;1,43;0,02;95;204;1,16;0;93;233,4;1,31;0,02;93;257;1,46;-0,02;90;276,4;1,57;0,02;89;0,23;0,14;0,15;0,21;0,26;0,26;0,3;0,23;0,51;0,35;58;66;61;52;43;36;30;33;25;44
01.09.2016 23:20;196;2,23;-0,05;96;176,4;2,67;0;95;171,4;2,72;-0,02;96;184,8;1,74;-0,06;95;164;1,42;0;96;194,7;1,4;0,03;95;211;1,29;0,08;95;233,4;1,36;0,01;94;250,1;1,95;-0,01;93;272,7;2;-0,02;94;0,2;0,2;0,2;0,34;0,29;0,27;0,33;0,23;0,18;0,17;58;68;70;45;36;35;31;36;48;49
01.09.2016 23:30;188,9;1,38;0,03;95;197,4;1,64;0,05;96;185,4;1,97;0,08;95;170,3;1,6;0,04;96;186,7;1,4;0,08;95;203,9;1,61;0,06;94;227,6;1,37;0,06;93;254,4;1,28;0,06;90;266,1;1,57;0,01;87;262,3;1,72;-0,03;91;0,37;0,29;0,2;0,31;0,3;0,43;0,68;0,22;0,19;0,18;35;42;50;41;35;41;24;33;33;41
01.09.2016 23:40;202,3;1,09;0,04;96;194,2;1,42;0;94;197,7;1,67;-0,02;95;180,6;1,5;0,07;96;219,7;1,97;-0,05;94;224,7;2,07;-0,02;95;245,5;1,69;-0,01;92;249,4;1,83;-0,08;88;253,5;1,64;-0,04;92;263,9;1,67;-0,07;94;0,57;0,3;0,3;0,33;0,22;0,18;0,21;0,58;0,21;0,17;28;36;42;37;51;52;45;26;45;42
01.09.2016 23:50;176,3;1,28;-0,04;95;195,5;1,67;0,03;96;172,3;2,02;0,04;95;202;1,42;0,08;96;201;1,71;0,09;94;239,4;1,87;0,01;95;257,2;1,8;-0,02;93;258,3;1,83;0;91;266,7;1,75;-0,01;93;272,4;1,71;0;91;0,43;0,3;0,25;0,37;0,26;0,16;0,17;0,16;0,16;0,27;32;43;51;36;43;48;46;48;43;40